<?xml version="1.0" encoding="UTF-8"?>
<TuningWizardStrings>

        <label discardChanges= "Завершить работу без сохранения изменений?"/>

        <label noPlay        = "Настройка воспроизведения на этом устройстве с помощью мастера настройки аудиоустройств невозможна. Возможно, это устройство несовместимо с Cisco IP Communicator."/>

        <label unmute        = "Для устройства %s была отключена громкость; однако данная неполадка устранена с помощью мастера настройки аудиоустройств. Если воспроизведение пробного аудиосигнала по-прежнему невозможно, вероятно, данное устройство несовместимо с Cisco IP Communicator."/>

        <label noMicInput    = "Настройка записи аудиосигнала на устройстве %s с помощью мастера настройки аудиоустройств невозможна. Возможно, это устройство несовместимо с Cisco IP Communicator."/>

        <label setMicInput   = "Для устройства %s не была настроена звукозапись с микрофона; однако данная неполадка устранена с помощью мастера настройки аудиоустройств. Если звукозапись по-прежнему невозможна, вероятно, данное устройство несовместимо с Cisco IP Communicator."/>

        <label unmuteMic     = "Для устройства %s был отключен микрофон; однако данная неполадка устранена с помощью мастера настройки аудиоустройств. Если звукозапись по-прежнему невозможна, вероятно, данное устройство несовместимо с Cisco IP Communicator."/>

        <label MicInUse      = "Текущий контроль микрофона невозможен. Проверьте выполнение следующих условий: (1) отсутствует активный вызов; (2) микрофон не используется другим приложением; (3) микрофон не отключен"/>

        <label troubleshootmenu1    = "Параметры Mастера Hастройки Aудиоустройств и сведения об ошибке сохранены на устройстве %s"/>
        <label troubleshootmenu3    = "Запустить средство создания отчетов об ошибках?"/>

        <label missingdevice1    = "Устройство %s отсутствует или неправильно подключено. Подключите его заново и выберите ОК."/>
        <label missingdevice3    = "Для выбора другого устройства с помощью Mастера Hастройки выберите 'Отмена'."/>
	<label noSoundDevices    = "На данном компьютере не установлено ни одного совместимого аудиоустройства. Подсоедините аудиоустройство и нажмите 'ОК', либо нажмите 'Отмена' для завершения работы."/> 
	<label devicesNotTuned = "Если аудиоустройства не настроены, они могут неправильно работать в Cisco IP Communicator. Отменить выполнение операции?"/> 
	
        <label copyright     = "(C) Корпорация Cisco Systems, 2004-2006 гг. С сохранением всех прав."/>

	<label title	     = "Мастер Hастройки Aудиоустройств"/>
        <label test          = "Тест"/>
        <label play          = "Воспроизведение"/>
        <label stop          = "Стоп"/>

        <label page1title    = "Мастер Hастройки Aудиоустройств - выбор аудиоустройств"/>
	<label headset       = "Гарнитура:"/>
	<label speakerphone  = "Динамик:"/>
	<label ringer        = "Звонок:"/>
	<label handset       = "Трубка:"/>

        <label page2title          = "Мастер Hастройки Aудиоустройств - регулировка громкости прослушивания для устройства %s"/>
	<label page2playbackdevice = "Устройство воспроизведения:"/>	
        <label page2wavevolume     = "Громкость воспроизведения звуковых файлов:"/>
        <label page2mastervolume   = "Базовая регулировка громкости:"/>
	<label page2enabled        = "Включено"/>

        <label page3title          = "Мастер Hастройки Aудиоустройств - регулировка громкости микрофона для устройства %s"/>
        <label page3device         = "Устройство записи:"/>
        <label page3finegain       = "Точная регулировка громкости:"/>
        <label page3coarsegain     = "Базовая регулировка громкости:"/>
        <label page3enable         = "Включить"/>
        <label page3highgain       = "Усиление микрофона"/>

        <label checktitle    = "Мастер Hастройки Aудиоустройств - проверка параметров аудиоустройств"/>
        <label checkdisable  = "Больше не задавать этот вопрос"/>
        <label revert        = "Возврат"/>
        <label tune          = "Настроить"/>
	<label skip	     = "Пропустить"/>

        <label yes           = "Да"/>
        <label no            = "Нет"/>
        <label ok            = "ОК"/>
        <label cancel        = "Отмена"/>
        <label back          = "Назад"/>
        <label next          = "Далее"/>
        <label finish        = "Готово"/>
	  <label Help        = "Справка"/>
        <label Troubleshooting        = "Как исправить"/>
        <label About        = "O Мастерe Hастр. Aудиоустрoйств"/>
	  <label UseDefaultDevices 	= "Использовать Windows устройства по умолчанию"/>



	<label checksettingshelp = "{\rtf1 \ansi\ansicpg1251\deff6\deflang1049 \stshfdbch0\stshfloch0\stshfhich0\stshfbi0\deflangfe1049 
{\fonttbl 
{\f6 \froman\fprq2 {\*\panose 02020603050405020304}\fcharset204 Times New Roman Cyr;}
{\f13 \fswiss\fprq2 {\*\panose 020b0604020202020204}\fcharset204 Arial Cyr;}
{\f25 \fmodern\fprq1 {\*\panose 02070309020205020404}\fcharset204 Courier New Cyr;}
{\f3 \froman\fprq2 {\*\panose 05050102010706020507}\fcharset2 Symbol;}
{\f2 \fswiss\fprq2 \fcharset0 Arial;}
{\f1 \fmodern\fprq1 \fcharset0 Courier New;}}
{\colortbl ;\red0\green0\blue0;\red0\green0\blue255;\red0\green255\blue255;\red0\green255\blue0;\red255\green0\blue255;\red255\green0\blue0;\red255\green255\blue0;\red255\green255\blue255;\red0\green0\blue128;\red0\green128\blue128;\red0\green128\blue0;\red128\green0\blue128;\red128\green0\blue0;\red128\green128\blue0;\red128\green128\blue128;\red192\green192\blue192;}
{\stylesheet 
{\s0 \snext0 \ql\li0\ri0\widctlpar\aspalpha\aspnum\faauto\adjustright\rin0\lin0\itap0 \fs24\lang1033 Normal;}
{\cs9 \additive\ssemihidden Default Paragraph Font;}
{\ts11 \ssemihidden\snext11 \tsrowd\trftsWidthB3\trpaddl108\trpaddr108\trpaddfl3\trpaddft3\trpaddfb3\trpaddfr3\tscellwidthfts0\tsvertalt\tsbrdrt\tsbrdrl\tsbrdrb\tsbrdrr\tsbrdrdgl\tsbrdrdgr\tsbrdrh\tsbrdrv\ql\li0\ri0\widctlpar\aspalpha\aspnum\faauto\adjustright\rin0\lin0\itap0 \fs20\lang1024\cgrid0 Normal Table;}
{\s12 \sbasedon0\snext12 \ql\li0\ri0\widctlpar\tx916\tx1832\tx2748\tx3664\tx4580\tx5496\tx6412\tx7328\tx8244\tx9160\tx10076\tx10992\tx11908\tx12824\tx13740\tx14656\aspalpha\aspnum\faauto\adjustright\rin0\lin0\itap0 \f25\fs20\lang1033 HTML Preformatted;}
{\cs10 \additive\sbasedon9 changedtext;}
{\cs1 \additive \v\f1\fs24\sub\cf12 tw4winMark;}
{\cs2 \additive \cf4\fs40\f1 tw4winError;}
{\cs7 \additive \cf2 tw4winTerm;}
{\cs3 \additive \f1\cf11\lang1024 tw4winPopup;}
{\cs4 \additive \f1\cf10\lang1024 tw4winJump;}
{\cs5 \additive \f1\cf15\lang1024 tw4winExternal;}
{\cs6 \additive \f1\cf6\lang1024 tw4winInternal;}
{\cs8 \additive \f1\cf13\lang1024 DO_NOT_TRANSLATE;}}{\*\latentstyles \lsdstimax156\lsdlockeddef0 }{\*\pgptbl {\pgp \ipgp0\itap0\li0\ri0\sb0\sa0 }}{\*\rsidtbl \rsid3828141\rsid5791440\rsid8083252\rsid11369555 }{\*\generator Microsoft Word 11.0.6568;}

{\info 
{\author 
Cisco Systems, Inc.}
{\operator 
Vasily Tomilin}
{\creatim \yr2005\mo12\dy16\hr14\min14 }
{\revtim \yr2006\mo8\dy14\hr16\min21 }\version4\edmins4\nofpages1\nofwords113\nofchars645 
{\*\company 
Cisco Systems, Inc.}\nofcharsws757\vern24579 }\margl1701\margr850\margt1134\margb1134\widowctrl\ftnbj\aenddoc\noxlattoyen\expshrtn\noultrlspc\dntblnsbdb\nospaceforul\hyphcaps0\horzdoc\dghspace120\dgvspace120\dghorigin1701\dgvorigin1984\dghshow0\dgvshow3\jcompress\viewkind4\viewscale100\nolnhtadjtbl\rsidroot8083252\fet0 
\sectd\linex0\sectdefaultcl\sftnbj 
{\*\pnseclvl1 \pnucrm\pnstart1\pnindent720\pnhang 
{\pntxta 
.}}
{\*\pnseclvl2 \pnucltr\pnstart1\pnindent720\pnhang 
{\pntxta 
.}}
{\*\pnseclvl3 \pndec\pnstart1\pnindent720\pnhang 
{\pntxta 
.}}
{\*\pnseclvl4 \pnlcltr\pnstart1\pnindent720\pnhang 
{\pntxta 
)}}
{\*\pnseclvl5 \pndec\pnstart1\pnindent720\pnhang 
{\pntxtb 
(}
{\pntxta 
)}}
{\*\pnseclvl6 \pnlcltr\pnstart1\pnindent720\pnhang 
{\pntxtb 
(}
{\pntxta 
)}}
{\*\pnseclvl7 \pnlcrm\pnstart1\pnindent720\pnhang 
{\pntxtb 
(}
{\pntxta 
)}}
{\*\pnseclvl8 \pnlcltr\pnstart1\pnindent720\pnhang 
{\pntxtb 
(}
{\pntxta 
)}}
{\*\pnseclvl9 \pnlcrm\pnstart1\pnindent720\pnhang 
{\pntxtb 
(}
{\pntxta 
)}}
\pard\s12\ql\li0\ri0\widctlpar\tx916\tx1832\tx2748\tx3664\tx4580\tx5496\tx6412\tx7328\tx8244\tx9160\tx10076\tx10992\tx11908\tx12824\tx13740\tx14656\aspalpha\aspnum\faauto\adjustright\rin0\lin0\itap0 \plain \f25\fs20\lang1033 
{\cs10\f13\fs18\lang1049 
\'cf\'e0\'f0\'e0\'ec\'e5\'f2\'f0\'fb \'ed\'e0\'f1\'f2\'f0\'ee\'e9\'ea\'e8 \'e7\'e2\'f3\'ea\'e0 \'e2 \'ea\'ee\'ec\'ef\'fc\'fe\'f2\'e5\'f0\'e5 \'e8\'e7\'ec\'e5\'ed\'e8\'eb\'e8\'f1\'fc \'e2\'f1\'eb\'e5\'e4\'f1\'f2\'e2\'e8\'e5 \'ed\'e0\'f1\'f2\'f0\'ee\'e9\'ea\'e8 \'e8\'f5 \'e4\'eb\'ff \'f0\'e0\'e1\'ee\'f2\'fb \'f1 Cisco IP Communicator.}
{\lang1033\f13\fs18 \par }
\pard\ql\li0\ri0\nowidctlpar\faauto\rin0\lin0\itap0 \plain \fs24\lang1033\f6 
{\f13\fs18\lang1049 
\'c2\'fb\'e1\'e5\'f0\'e8\'f2\'e5 \'ee\'e4\'e8\'ed \'e8\'e7 \'e2\'e0\'f0\'e8\'e0\'ed\'f2\'ee\'e2:}
{\lang1033\f13\fs18 \par }
\s0 \plain \lang1033\f13\fs18 {\lang1033\f13 \par }
\pard\ql\fi-360\li360\ri0\nowidctlpar\tx360\faauto\rin0\lin360\itap0 \plain \fs24\lang1033\f6 
{\f6\fs18\lang1049 
{\f3 \'b7  
}{\b\f13 \'c2\'e5\'f0\'ed\'f3\'f2\'fc
}{\f13  \'e4\'eb\'ff \'e2\'ee\'f1\'f1\'f2\'e0\'ed\'ee\'e2\'eb\'e5\'ed\'e8\'ff \'f2\'e5\'f5 \'e7\'ed\'e0\'f7\'e5\'ed\'e8\'e9  \'ef\'e0\'f0\'e0\'ec\'e5\'f2\'f0\'ee\'e2 \'ed\'e0\'f1\'f2\'f0\'ee\'e9\'ea\'e8 }}
{\lang1033\f13\fs18 \par }
\s0 \plain \fs24\lang1033\f6 
{\lang1033\f13\fs18     }
{\f13\fs18\lang1049 
\'e7\'e2\'f3\'ea\'e0, \'ea\'ee\'f2\'ee\'f0\'fb\'e5 \'e1\'fb\'eb\'e8 \'e4\'ee \'ed\'e0\'f1\'f2\'f0\'ee\'e9\'ea\'e8}
{\lang1033\f13\fs18 \par }
\pard\ql\fi-360\li360\ri0\nowidctlpar\faauto\rin0\lin360\itap0 \plain \fs24\lang1033\f6 
{\f6\fs18\lang1049 
{\f3 \'b7  
}{\b\f13 \'cd\'e0\'f1\'f2\'f0\'ee\'e8\'f2\'fc
}{\f13  \'e4\'eb\'ff \'ef\'f0\'ee\'f1\'ec\'ee\'f2\'f0\'e0 \'e8\'eb\'e8 \'e8\'e7\'ec\'e5\'ed\'e5\'ed\'e8\'ff \'f2\'e5\'ea\'f3\'f9\'e8\'f5 \'ef\'e0\'f0\'e0\'ec\'e5\'f2\'f0\'ee\'e2 \'ed\'e0\'f1\'f2\'f0\'ee\'e9\'ea\'e8 \'e7\'e2\'f3\'ea\'e0}}
{\lang1033\f13\fs18 \par }
\pard\ql\fi-360\li360\ri0\nowidctlpar\faauto\rin0\lin360\itap0 \plain \fs24\lang1033\f6 
{\f6\fs18\lang1049 
{\f3 \'b7  
}{\b\f13 \'cf\'f0\'ee\'ef\'f3\'f1\'f2\'e8\'f2\'fc
}{\f13  \'e4\'eb\'ff \'ef\'f0\'ee\'e4\'ee\'eb\'e6\'e5\'ed\'e8\'ff \'f0\'e0\'e1\'ee\'f2\'fb \'f1 \'f2\'e5\'ea\'f3\'f9\'e8\'ec\'e8 \'e7\'ed\'e0\'f7\'e5\'ed\'e8\'ff\'ec\'e8 \'ef\'e0\'f0\'e0\'ec\'e5\'f2\'f0\'ee\'e2 \'ed\'e0\'f1\'f2\'f0\'ee\'e9\'ea\'e8 \'e7\'e2\'f3\'ea\'e0}}
{\lang1033\f13\fs18 \par }}"/>

	<label checknewdevicehelp = "{\rtf1 \ansi\ansicpg1252\deff2\deflang1033 \deflangfe1033 
{\fonttbl 
{\f2 \fswiss\fprq2 \fcharset0 Arial;}
{\f3 \froman\fprq2 \fcharset2 Symbol;}
{\f1 \fmodern\fprq1 \fcharset0 Courier New;}
{\f13 \fswiss\fprq2 \fcharset204 Arial Cyr;}}
\viewkind4 

\pard\nowidctlpar \plain \fs18\f2 
{\fs18\lang1049\f13 
\uc1\u1063 \'d7\u1072 \'e0\u1089 \'f1\u1090 \'f2\u1100 \'fc \u1080 \'e8\u1079 \'e7 \u1074 \'e2\u1099 \'fb\u1073 \'e1\u1088 \'f0\u1072 \'e0\u1085 \'ed\u1085 \'ed\u1099 \'fb\u1093 \'f5 \u1079 \'e7\u1074 \'e2\u1091 \'f3\u1082 \'ea\u1086 \'ee\u1074 \'e2\u1099 \'fb\u1093 \'f5 \u1091 \'f3\u1089 \'f1\u1090 \'f2\u1088 \'f0\u1086 \'ee\u1081 \'e8\u1089 \'f1\u1090 \'f2\u1074 \'e2 \u1088 \'f0\u1072 \'e0\u1085 \'ed\u1077 \'e5\u1077 \'e5 \u1085 \'ed\u1077 \'e5 \u1085 \'ed\u1072 \'e0\u1089 \'f1\u1090 \'f2\u1088 \'f0\u1072 \'e0\u1080 \'e8\u1074 \'e2\u1072 \'e0\u1083 \'eb\u1072 \'e0\u1089 \'f1\u1100 \'fc \u1076 \'e4\u1083 \'eb\u1103 \'ff \u1088 \'f0\u1072 \'e0\u1073 \'e1\u1086 \'ee\u1090 \'f2\u1099 \'fb \u1089 \'f1
{\lang1033  Cisco IP Communicator.}}

{\f2  }
{\fs18\lang1049\f13 
\uc1\u1042 \'c2\u1099 \'fb\u1073 \'e1\u1077 \'e5\u1088 \'f0\u1080 \'e8\u1090 \'f2\u1077 \'e5 \u1086 \'ee\u1076 \'e4\u1080 \'e8\u1085 \'ed \u1080 \'e8\u1079 \'e7 \u1074 \'e2\u1072 \'e0\u1088 \'f0\u1080 \'e8\u1072 \'e0\u1085 \'ed\u1090 \'f2\u1086 \'ee\u1074 \'e2:}
{\f2 \par }
\pard\nowidctlpar\fi-360\li360\tx360 \plain \fs18\f3 {\f3 \par }
\pard\nowidctlpar\fi-360\li360 \plain \fs18\f2 
{\fs18\f13\lang1049 
{\f3 \'b7  
}{\b \uc1\u1053 \'cd\u1072 \'e0\u1089 \'f1\u1090 \'f2\u1088 \'f0\u1086 \'ee\u1080 \'e8\u1090 \'f2\u1100 \'fc 
}\uc1\u1076 \'e4\u1083 \'eb\u1103 \'ff \u1085 \'ed\u1072 \'e0\u1089 \'f1\u1090 \'f2\u1088 \'f0\u1086 \'ee\u1081 \'e8\u1082 \'ea\u1080 \'e8 \u1101 \'fd\u1090 \'f2\u1080 \'e8\u1093 \'f5 \u1091 \'f3\u1089 \'f1\u1090 \'f2\u1088 \'f0\u1086 \'ee\u1081 \'e8\u1089 \'f1\u1090 \'f2\u1074 \'e2 \u1080 \'e8\u1083 \'eb\u1080 \'e8 \u1076 \'e4\u1083 \'eb\u1103 \'ff \u1074 \'e2\u1099 \'fb\u1073 \'e1\u1086 \'ee\u1088 \'f0\u1072 \'e0 \u1076 \'e4\u1088 \'f0\u1091 \'f3\u1075 \'e3\u1080 \'e8\u1093 \'f5 \u1091 \'f3\u1089 \'f1\u1090 \'f2\u1088 \'f0\u1086 \'ee\u1081 \'e8\u1089 \'f1\u1090 \'f2\u1074 \'e2}
{\f2 \par }
\s0 \plain \fs18\f2 
{\fs18\f13\lang1049 
{\f3 \'b7  
}{\b \uc1\u1054 \'ce\u1090 \'f2\u1084 \'ec\u1077 \'e5\u1085 \'ed\u1072 \'e0
} \uc1\u1076 \'e4\u1083 \'eb\u1103 \'ff \u1087 \'ef\u1088 \'f0\u1086 \'ee\u1076 \'e4\u1086 \'ee\u1083 \'eb\u1078 \'e6\u1077 \'e5\u1085 \'ed\u1080 \'e8\u1103 \'ff \u1088 \'f0\u1072 \'e0\u1073 \'e1\u1086 \'ee\u1090 \'f2\u1099 \'fb \u1089 \'f1 \u1090 \'f2\u1077 \'e5\u1082 \'ea\u1091 \'f3\u1097 \'f9\u1077 \'e5\u1081 \'e8 \u1085 \'ed\u1072 \'e0\u1089 \'f1\u1090 \'f2\u1088 \'f0\u1086 \'ee\u1081 \'e8\u1082 \'ea\u1086 \'ee\u1081 \'e8 \u1079 \'e7\u1074 \'e2\u1091 \'f3\u1082 \'ea\u1086 \'ee\u1074 \'e2\u1099 \'fb\u1093 \'f5 \u1091 \'f3\u1089 \'f1\u1090 \'f2\u1088 \'f0\u1086 \'ee\u1081 \'e8\u1089 \'f1\u1090 \'f2\u1074 \'e2}
{\f2 \par }}"/>

	<label page0help = "{\rtf1 \ansi\ansicpg1252\deff2\deflang1033 \stshfdbch0\stshfloch0\stshfhich0\stshfbi0\deflangfe1033 
{\fonttbl 
{\f2 \fswiss\fprq2 {\*\panose 020b0604020202020204}\fcharset0 Arial;}
{\f1 \fmodern\fprq1 {\*\panose 02070309020205020404}\fcharset0 Courier New;}
{\f13 \fswiss\fprq2 \fcharset204 Arial Cyr;}}
{\colortbl ;\red0\green0\blue0;\red0\green0\blue255;\red0\green255\blue255;\red0\green255\blue0;\red255\green0\blue255;\red255\green0\blue0;\red255\green255\blue0;\red255\green255\blue255;\red0\green0\blue128;\red0\green128\blue128;\red0\green128\blue0;\red128\green0\blue128;\red128\green0\blue0;\red128\green128\blue0;\red128\green128\blue128;\red192\green192\blue192;}
{\stylesheet 
{\s0 \snext0 \ql\li0\ri0\nowidctlpar\faauto\rin0\lin0\itap0 \f2\fs24\lang1033\cgrid0 Normal;}
{\s11 \sbasedon0\snext0 \ql\li0\ri0\nowidctlpar\faauto\outlinelevel0\rin0\lin0\itap0 \f2\fs24\lang1033\cgrid0 heading 1;}
{\cs9 \additive\ssemihidden Default Paragraph Font;}
{\ts12 \ssemihidden\snext12 \tsrowd\trftsWidthB3\trpaddl108\trpaddr108\trpaddfl3\trpaddft3\trpaddfb3\trpaddfr3\trcbpat1\trcfpat1\tscellwidthfts0\tsvertalt\tsbrdrt\tsbrdrl\tsbrdrb\tsbrdrr\tsbrdrdgl\tsbrdrdgr\tsbrdrh\tsbrdrv\ql\li0\ri0\widctlpar\aspalpha\aspnum\faauto\adjustright\rin0\lin0\itap0 \fs20\lang1024\cgrid0 Normal Table;}
{\s13 \sbasedon0\snext13 \ql\li0\ri0\widctlpar\tx916\tx1832\tx2748\tx3664\tx4580\tx5496\tx6412\tx7328\tx8244\tx9160\tx10076\tx10992\tx11908\tx12824\tx13740\tx14656\aspalpha\aspnum\faauto\adjustright\rin0\lin0\itap0 \f1\fs20\lang1033\cgrid0 HTML Preformatted;}
{\cs10 \additive\sbasedon9 changedtext;}
{\cs1 \v\f1\fs24\sub\cf12 tw4winMark;}
{\cs2 \cf4\fs40\f1 tw4winError;}
{\cs7 \cf2 tw4winTerm;}
{\cs3 \f1\cf11\lang1024 tw4winPopup;}
{\cs4 \f1\cf10\lang1024 tw4winJump;}
{\cs5 \f1\cf15\lang1024 tw4winExternal;}
{\cs6 \f1\cf6\lang1024 tw4winInternal;}
{\cs8 \f1\cf13\lang1024 DO_NOT_TRANSLATE;}}{\*\latentstyles \lsdstimax156\lsdlockeddef0 }{\*\pgptbl {\pgp \ipgp0\itap0\li0\ri0\sb0\sa0 }{\pgp \ipgp0\itap0\li0\ri0\sb0\sa0 }}{\*\rsidtbl \rsid4137108\rsid4202610\rsid8399201\rsid9447335 }{\*\generator Microsoft Word 11.0.6502;}

{\info 
{\title 
Use this wizard to Select and Tune Audio Devices}
{\author 
Ganesan Venkataraman (gvenkata)}
{\operator 
Cisco Systems, Inc.}
{\creatim \yr2003\mo5\dy31\hr16\min47 }
{\revtim \yr2005\mo12\dy16\hr14\min52 }\version13\edmins21\nofpages1\nofwords59\nofchars339 
{\*\company 
Cisco Systems, Inc.}\nofcharsws397\vern24579 }\widowctrl\ftnbj\aenddoc\noxlattoyen\expshrtn\noultrlspc\dntblnsbdb\nospaceforul\hyphcaps0\horzdoc\dghspace120\dgvspace120\dghorigin1701\dgvorigin1984\dghshow0\dgvshow3\jcompress\viewkind4\viewscale100\nolnhtadjtbl\rsidroot4137108\fet0 
\sectd\linex0\sectdefaultcl\sftnbj 
{\*\pnseclvl1 \pnucrm\pnstart1\pnindent720\pnhang 
{\pntxta 
.}}
{\*\pnseclvl2 \pnucltr\pnstart1\pnindent720\pnhang 
{\pntxta 
.}}
{\*\pnseclvl3 \pndec\pnstart1\pnindent720\pnhang 
{\pntxta 
.}}
{\*\pnseclvl4 \pnlcltr\pnstart1\pnindent720\pnhang 
{\pntxta 
)}}
{\*\pnseclvl5 \pndec\pnstart1\pnindent720\pnhang 
{\pntxtb 
(}
{\pntxta 
)}}
{\*\pnseclvl6 \pnlcltr\pnstart1\pnindent720\pnhang 
{\pntxtb 
(}
{\pntxta 
)}}
{\*\pnseclvl7 \pnlcrm\pnstart1\pnindent720\pnhang 
{\pntxtb 
(}
{\pntxta 
)}}
{\*\pnseclvl8 \pnlcltr\pnstart1\pnindent720\pnhang 
{\pntxtb 
(}
{\pntxta 
)}}
{\*\pnseclvl9 \pnlcrm\pnstart1\pnindent720\pnhang 
{\pntxtb 
(}
{\pntxta 
)}}
\pard\s11\ql\li0\ri0\sa80\keepn\nowidctlpar\faauto\outlinelevel0\rin0\lin0\itap0 \plain \f2\fs24\lang1033\cgrid0 
{\cgrid0\b\i\fs20\lang1049\f13 
\uc1\u1042 \'c2\u1099 \'fb\u1073 \'e1\u1086 \'ee\u1088 \'f0 \u1080 \'e8 \u1085 \'ed\u1072 \'e0\u1089 \'f1\u1090 \'f2\u1088 \'f0\u1086 \'ee\u1081 \'e8\u1082 \'ea\u1072 \'e0 \u1079 \'e7\u1074 \'e2\u1091 \'f3\u1082 \'ea\u1086 \'ee\u1074 \'e2\u1099 \'fb\u1093 \'f5 \u1091 \'f3\u1089 \'f1\u1090 \'f2\u1088 \'f0\u1086 \'ee\u1081 \'e8\u1089 \'f1\u1090 \'f2\u1074 \'e2}
{\b\i\fs20\f2\lang1033 \par }
\pard\ql\li0\ri0\nowidctlpar\faauto\rin0\lin0\itap0 \plain \cgrid0\fs18\f2\lang1033 {\f2\lang1033 \par }
\s0 \plain \f2\fs24\lang1033\cgrid0 
{\cgrid0\lang1049\fs18\f13 
\uc1\u1055 \'cf\u1077 \'e5\u1088 \'f0\u1077 \'e5\u1076 \'e4 \u1085 \'ed\u1072 \'e0\u1095 \'f7\u1072 \'e0\u1083 \'eb\u1086 \'ee\u1084 \'ec \u1085 \'ed\u1072 \'e0\u1089 \'f1\u1090 \'f2\u1088 \'f0\u1086 \'ee\u1081 \'e8\u1082 \'ea\u1080 \'e8
{\lang1033 :}}
{\fs18\f2\lang1033 \par }
\s0 \plain \cgrid0\fs18\f2\lang1033 {\f2\lang1033 \par }
\s0 \plain \f2\fs24\lang1033\cgrid0 
{\cgrid0\lang1049\fs18\f13 
\uc1\u1079 \'e7\u1072 \'e0\u1082 \'ea\u1088 \'f0\u1086 \'ee\u1081 \'e8\u1090 \'f2\u1077 \'e5 \u1074 \'e2\u1089 \'f1\u1077 \'e5 \u1076 \'e4\u1088 \'f0\u1091 \'f3\u1075 \'e3\u1080 \'e8\u1077 \'e5 \u1087 \'ef\u1088 \'f0\u1086 \'ee\u1075 \'e3\u1088 \'f0\u1072 \'e0\u1084 \'ec\u1084 \'ec\u1099 \'fb
{\lang1033 , 
}\uc1\u1074 \'e2\u1086 \'ee\u1089 \'f1\u1087 \'ef\u1088 \'f0\u1086 \'ee\u1080 \'e8\u1079 \'e7\u1074 \'e2\u1086 \'ee\u1076 \'e4\u1103 \'ff\u1097 \'f9\u1080 \'e8\u1077 \'e5 \u1080 \'e8\u1083 \'eb\u1080 \'e8 \u1079 \'e7\u1072 \'e0\u1087 \'ef\u1080 \'e8\u1089 \'f1\u1099 \'fb\u1074 \'e2\u1072 \'e0\u1102 \'fe\u1097 \'f9\u1080 \'e8\u1077 \'e5 \u1079 \'e7\u1074 \'e2\u1091 \'f3\u1082 \'ea
{\lang1033 , 
}\uc1\u1085 \'ed\u1072 \'e0\u1087 \'ef\u1088 \'f0\u1080 \'e8\u1084 \'ec\u1077 \'e5\u1088 \'f0 \u1087 \'ef\u1088 \'f0\u1086 \'ee\u1075 \'e3\u1088 \'f0\u1072 \'e0\u1084 \'ec\u1084 \'ec\u1091 \'f3 {\lang1033 \lquote 
}\uc1\u1047 \'c7\u1074 \'e2\u1091 \'f3\u1082 \'ea\u1086 \'ee\u1079 \'e7\u1072 \'e0\u1087 \'ef\u1080 \'e8\u1089 \'f1\u1100 \'fc{\lang1033 \rquote 
 Microsoft.}}
{\fs18\f2\lang1033 \par }
\s0 \plain \cgrid0\fs18\f2\lang1033 {\f2\lang1033 \par }
\s0 \plain \f2\fs24\lang1033\cgrid0 
{\cgrid0\lang1049\fs18\f13 
\uc1\u1055 \'cf\u1088 \'f0\u1086 \'ee\u1074 \'e2\u1077 \'e5\u1088 \'f0\u1100 \'fc\u1090 \'f2\u1077 \'e5
{\lang1033 , 
}\uc1\u1095 \'f7\u1090 \'f2\u1086 \'ee \u1079 \'e7\u1074 \'e2\u1091 \'f3\u1082 \'ea\u1086 \'ee\u1074 \'e2\u1099 \'fb\u1077 \'e5 \u1091 \'f3\u1089 \'f1\u1090 \'f2\u1088 \'f0\u1086 \'ee\u1081 \'e8\u1089 \'f1\u1090 \'f2\u1074 \'e2\u1072 \'e0
{\lang1033  (
}\uc1\u1075 \'e3\u1072 \'e0\u1088 \'f0\u1085 \'ed\u1080 \'e8\u1090 \'f2\u1091 \'f3\u1088 \'f0\u1099 \'fb
{\lang1033 , 
}\uc1\u1076 \'e4\u1080 \'e8\u1085 \'ed\u1072 \'e0\u1084 \'ec\u1080 \'e8\u1082 \'ea\u1080 \'e8
{\lang1033 , 
}\uc1\u1084 \'ec\u1080 \'e8\u1082 \'ea\u1088 \'f0\u1086 \'ee\u1092 \'f4\u1086 \'ee\u1085 \'ed \u1080 \'e8 \u1090 \'f2\u1077 \'e5\u1083 \'eb\u1077 \'e5\u1092 \'f4\u1086 \'ee\u1085 \'ed\u1085 \'ed\u1072 \'e0\u1103 \'ff \u1090 \'f2\u1088 \'f0\u1091 \'f3\u1073 \'e1\u1082 \'ea\u1072 \'e0
{\lang1033 ), 
}\uc1\u1082 \'ea\u1086 \'ee\u1090 \'f2\u1086 \'ee\u1088 \'f0\u1099 \'fb\u1077 \'e5 \u1090 \'f2\u1088 \'f0\u1077 \'e5\u1073 \'e1\u1091 \'f3\u1077 \'e5\u1090 \'f2\u1089 \'f1\u1103 \'ff \u1080 \'e8\u1089 \'f1\u1087 \'ef\u1086 \'ee\u1083 \'eb\u1100 \'fc\u1079 \'e7\u1086 \'ee\u1074 \'e2\u1072 \'e0\u1090 \'f2\u1100 \'fc
{\lang1033 , 
}\uc1\u1087 \'ef\u1086 \'ee\u1076 \'e4\u1089 \'f1\u1086 \'ee\u1077 \'e5\u1076 \'e4\u1080 \'e8\u1085 \'ed\u1077 \'e5\u1085 \'ed\u1099 \'fb \u1080 \'e8 \u1074 \'e2\u1082 \'ea\u1083 \'eb\u1102 \'fe\u1095 \'f7\u1077 \'e5\u1085 \'ed\u1099 \'fb
{\lang1033 .}}
{\fs18\f2\lang1033 \par }
\s0 \plain \cgrid0\fs18\f2\lang1033 {\f2\lang1033 \par }
\pard\ql\li0\ri0\widctlpar\tx916\tx1832\tx2748\tx3664\tx4580\tx5496\tx6412\tx7328\tx8244\tx9160\tx10076\tx10992\tx11908\tx12824\tx13740\tx14656\aspalpha\aspnum\faauto\adjustright\rin0\lin0\itap0 \plain \f2\fs24\lang1033\cgrid0 
{\cgrid0\lang1049\fs18\f13 
\uc1\u1055 \'cf\u1088 \'f0\u1080 \'e8 \u1080 \'e8\u1089 \'f1\u1087 \'ef\u1086 \'ee\u1083 \'eb\u1100 \'fc\u1079 \'e7\u1086 \'ee\u1074 \'e2\u1072 \'e0\u1085 \'ed\u1080 \'e8\u1080 \'e8 \u1075 \'e3\u1072 \'e0\u1088 \'f0\u1085 \'ed\u1080 \'e8\u1090 \'f2\u1091 \'f3\u1088 \'f0\u1099 \'fb \u1088 \'f0\u1072 \'e0\u1089 \'f1\u1087 \'ef\u1086 \'ee\u1083 \'eb\u1086 \'ee\u1078 \'e6\u1080 \'e8\u1090 \'f2\u1077 \'e5 \u1084 \'ec\u1080 \'e8\u1082 \'ea\u1088 \'f0\u1086 \'ee\u1092 \'f4\u1086 \'ee\u1085 \'ed \u1075 \'e3\u1072 \'e0\u1088 \'f0\u1085 \'ed\u1080 \'e8\u1090 \'f2\u1091 \'f3\u1088 \'f0\u1099 \'fb \u1085 \'ed\u1072 \'e0 \u1090 \'f2\u1086 \'ee\u1084 \'ec \u1088 \'f0\u1072 \'e0\u1089 \'f1\u1089 \'f1\u1090 \'f2\u1086 \'ee\u1103 \'ff\u1085 \'ed\u1080 \'e8\u1080 \'e8 \u1086 \'ee\u1090 \'f2 \u1089 \'f1\u1074 \'e2\u1086 \'ee\u1077 \'e5\u1075 \'e3\u1086 \'ee \u1088 \'f0\u1090 \'f2\u1072 \'e0
{\lang1033 , 
}\uc1\u1082 \'ea\u1086 \'ee\u1090 \'f2\u1086 \'ee\u1088 \'f0\u1086 \'ee\u1077 \'e5 \u1088 \'f0\u1077 \'e5\u1082 \'ea\u1086 \'ee\u1084 \'ec\u1077 \'e5\u1085 \'ed\u1076 \'e4\u1086 \'ee\u1074 \'e2\u1072 \'e0\u1085 \'ed\u1086 \'ee \u1080 \'e8\u1079 \'e7\u1075 \'e3\u1086 \'ee\u1090 \'f2\u1086 \'ee\u1074 \'e2\u1080 \'e8\u1090 \'f2\u1077 \'e5\u1083 \'eb\u1077 \'e5\u1084 \'ec \u1075 \'e3\u1072 \'e0\u1088 \'f0\u1085 \'ed\u1080 \'e8\u1090 \'f2\u1091 \'f3\u1088 \'f0\u1099 \'fb
{\lang1033 .}}
{\fs18\f2\lang1033 \par }
\pard\ql\li0\ri0\nowidctlpar\faauto\rin0\lin0\itap0 \plain \cgrid0\fs18\f2\lang1033 {\f2\lang1033 \par }
\s0 \plain \f2\fs24\lang1033\cgrid0 
{\cgrid0\lang1049\fs18\f13 
\uc1\u1044 \'c4\u1083 \'eb\u1103 \'ff \u1087 \'ef\u1088 \'f0\u1086 \'ee\u1076 \'e4\u1086 \'ee\u1083 \'eb\u1078 \'e6\u1077 \'e5\u1085 \'ed\u1080 \'e8\u1103 \'ff \u1085 \'ed\u1072 \'e0\u1078 \'e6\u1084 \'ec\u1080 \'e8\u1090 \'f2\u1077 \'e5 {\lang1033 \lquote 
}\uc1\u1044 \'c4\u1072 \'e0\u1083 \'eb\u1077 \'e5\u1077 \'e5{\lang1033 \rquote }}
{\fs18\f2\lang1033 \par }}"/>

	<label page1help = "{\rtf1 \ansi\ansicpg1252\deff4\deflang1033 \stshfdbch0\stshfloch0\stshfhich0\stshfbi0\deflangfe1033 
{\fonttbl 
{\f4 \froman\fprq2 {\*\panose 02020603050405020304}\fcharset0 Times New Roman;}
{\f2 \fswiss\fprq2 {\*\panose 020b0604020202020204}\fcharset0 Arial;}
{\f1 \fmodern\fprq1 {\*\panose 02070309020205020404}\fcharset0 Courier New;}
{\f13 \fswiss\fprq2 \fcharset204 Arial Cyr;}
{\f14 \fcharset204 Times New Roman Cyr;}
{\f15 \fcharset204 Courier New Cyr;}}
{\colortbl ;\red0\green0\blue0;\red0\green0\blue255;\red0\green255\blue255;\red0\green255\blue0;\red255\green0\blue255;\red255\green0\blue0;\red255\green255\blue0;\red255\green255\blue255;\red0\green0\blue128;\red0\green128\blue128;\red0\green128\blue0;\red128\green0\blue128;\red128\green0\blue0;\red128\green128\blue0;\red128\green128\blue128;\red192\green192\blue192;}
{\stylesheet 
{\s0 \snext0 \ql\li0\ri0\widctlpar\aspalpha\aspnum\faauto\adjustright\rin0\lin0\itap0 \fs24\lang1033\cgrid0 Normal;}
{\cs9 \additive\ssemihidden Default Paragraph Font;}
{\ts11 \ssemihidden\snext11 \tsrowd\trftsWidthB3\trpaddl108\trpaddr108\trpaddfl3\trpaddft3\trpaddfb3\trpaddfr3\trcbpat1\trcfpat1\tscellwidthfts0\tsvertalt\tsbrdrt\tsbrdrl\tsbrdrb\tsbrdrr\tsbrdrdgl\tsbrdrdgr\tsbrdrh\tsbrdrv\ql\li0\ri0\widctlpar\aspalpha\aspnum\faauto\adjustright\rin0\lin0\itap0 \fs20\lang1024\cgrid0 Normal Table;}
{\s12 \sbasedon0\snext12 \ql\li0\ri0\widctlpar\tx916\tx1832\tx2748\tx3664\tx4580\tx5496\tx6412\tx7328\tx8244\tx9160\tx10076\tx10992\tx11908\tx12824\tx13740\tx14656\aspalpha\aspnum\faauto\adjustright\rin0\lin0\itap0 \f1\fs20\lang1033\cgrid0 HTML Preformatted;}
{\cs10 \additive\sbasedon9 changedtext;}
{\cs1 \v\f1\fs24\sub\cf12 tw4winMark;}
{\cs2 \cf4\fs40\f1 tw4winError;}
{\cs7 \cf2 tw4winTerm;}
{\cs3 \f1\cf11\lang1024 tw4winPopup;}
{\cs4 \f1\cf10\lang1024 tw4winJump;}
{\cs5 \f1\cf15\lang1024 tw4winExternal;}
{\cs6 \f1\cf6\lang1024 tw4winInternal;}
{\cs8 \f1\cf13\lang1024 DO_NOT_TRANSLATE;}}{\*\latentstyles \lsdstimax156\lsdlockeddef0 }{\*\pgptbl {\pgp \ipgp0\itap0\li0\ri0\sb0\sa0 }}{\*\rsidtbl \rsid2389431\rsid8809335 }{\*\generator Microsoft Word 11.0.6502;}

{\info 
{\author 
Cisco Systems, Inc.}
{\operator 
Cisco Systems, Inc.}
{\creatim \yr2005\mo12\dy16\hr14\min20 }
{\revtim \yr2005\mo12\dy16\hr14\min23 }\version2\edmins2\nofpages1\nofwords26\nofchars150 
{\*\company 
Cisco Systems, Inc.}\nofcharsws175\vern24579 }\widowctrl\ftnbj\aenddoc\noxlattoyen\expshrtn\noultrlspc\dntblnsbdb\nospaceforul\hyphcaps0\horzdoc\dghspace120\dgvspace120\dghorigin1701\dgvorigin1984\dghshow0\dgvshow3\jcompress\viewkind4\viewscale100\nolnhtadjtbl\rsidroot8809335\fet0 
\sectd\linex0\sectdefaultcl\sftnbj 
{\*\pnseclvl1 \pnucrm\pnstart1\pnindent720\pnhang 
{\pntxta 
.}}
{\*\pnseclvl2 \pnucltr\pnstart1\pnindent720\pnhang 
{\pntxta 
.}}
{\*\pnseclvl3 \pndec\pnstart1\pnindent720\pnhang 
{\pntxta 
.}}
{\*\pnseclvl4 \pnlcltr\pnstart1\pnindent720\pnhang 
{\pntxta 
)}}
{\*\pnseclvl5 \pndec\pnstart1\pnindent720\pnhang 
{\pntxtb 
(}
{\pntxta 
)}}
{\*\pnseclvl6 \pnlcltr\pnstart1\pnindent720\pnhang 
{\pntxtb 
(}
{\pntxta 
)}}
{\*\pnseclvl7 \pnlcrm\pnstart1\pnindent720\pnhang 
{\pntxtb 
(}
{\pntxta 
)}}
{\*\pnseclvl8 \pnlcltr\pnstart1\pnindent720\pnhang 
{\pntxtb 
(}
{\pntxta 
)}}
{\*\pnseclvl9 \pnlcrm\pnstart1\pnindent720\pnhang 
{\pntxtb 
(}
{\pntxta 
)}}
\pard\ql\li0\ri0\sa80\nowidctlpar\faauto\rin0\lin0\itap0 \plain \fs24\lang1033\cgrid0\f4 
{\cgrid0\b\i\fs20\lang1049\f13 
\uc1\u1042 \'c2\u1099 \'fb\u1073 \'e1\u1086 \'ee\u1088 \'f0 \u1079 \'e7\u1074 \'e2\u1091 \'f3\u1082 \'ea\u1086 \'ee\u1074 \'e2\u1099 \'fb\u1093 \'f5 \u1091 \'f3\u1089 \'f1\u1090 \'f2\u1088 \'f0\u1086 \'ee\u1081 \'e8\u1089 \'f1\u1090 \'f2\u1074 \'e2}
{\b\i\fs20\lang1033\f2 \par }
\pard\s12\ql\li0\ri0\widctlpar\tx916\tx1832\tx2748\tx3664\tx4580\tx5496\tx6412\tx7328\tx8244\tx9160\tx10076\tx10992\tx11908\tx12824\tx13740\tx14656\aspalpha\aspnum\faauto\adjustright\rin0\lin0\itap0 \plain \f1\fs20\lang1033\cgrid0 
{\cgrid0\lang1049\fs18\cs10\f13 
\uc1\u1044 \'c4\u1083 \'eb\u1103 \'ff \u1082 \'ea\u1072 \'e0\u1078 \'e6\u1076 \'e4\u1086 \'ee\u1075 \'e3\u1086 \'ee \u1079 \'e7\u1074 \'e2\u1091 \'f3\u1082 \'ea\u1086 \'ee\u1074 \'e2\u1086 \'ee\u1075 \'e3\u1086 \'ee \u1088 \'f0\u1077 \'e5\u1078 \'e6\u1080 \'e8\u1084 \'ec\u1072 \'e0 \u1090 \'f2\u1088 \'f0\u1077 \'e5\u1073 \'e1\u1091 \'f3\u1077 \'e5\u1090 \'f2\u1089 \'f1\u1103 \'ff \u1074 \'e2\u1099 \'fb\u1073 \'e1\u1088 \'f0\u1072 \'e0\u1090 \'f2\u1100 \'fc \u1091 \'f3\u1089 \'f1\u1090 \'f2\u1088 \'f0\u1086 \'ee\u1081 \'e8\u1089 \'f1\u1090 \'f2\u1074 \'e2\u1086 \'ee
{\lang1033 , 
}\uc1\u1082 \'ea\u1086 \'ee\u1090 \'f2\u1086 \'ee\u1088 \'f0\u1086 \'ee\u1077 \'e5 \u1076 \'e4\u1086 \'ee\u1083 \'eb\u1078 \'e6\u1085 \'ed\u1086 \'ee \u1080 \'e8\u1089 \'f1\u1087 \'ef\u1086 \'ee\u1083 \'eb\u1100 \'fc\u1079 \'e7\u1086 \'ee\u1074 \'e2\u1072 \'e0\u1090 \'f2\u1100 \'fc \u1087 \'ef\u1088 \'f0\u1080 \'e8\u1083 \'eb\u1086 \'ee\u1078 \'e6\u1077 \'e5\u1085 \'ed\u1080 \'e8\u1077 \'e5 
{\lang1033 Communicator.}}

{\fs18\lang1033\cs10\f2  }
{\cgrid0\lang1049\fs18\cs10\f13 
\uc1\u1044 \'c4\u1083 \'eb\u1103 \'ff \u1083 \'eb\u1091 \'f3\u1095 \'f7\u1096 \'f8\u1077 \'e5\u1075 \'e3\u1086 \'ee \u1087 \'ef\u1086 \'ee\u1085 \'ed\u1080 \'e8\u1084 \'ec\u1072 \'e0\u1085 \'ed\u1080 \'e8\u1103 \'ff \u1088 \'f0\u1072 \'e0\u1073 \'e1\u1086 \'ee\u1090 \'f2\u1099 \'fb \u1079 \'e7\u1074 \'e2\u1091 \'f3\u1082 \'ea\u1086 \'ee\u1074 \'e2\u1099 \'fb\u1093 \'f5 \u1091 \'f3\u1089 \'f1\u1090 \'f2\u1088 \'f0\u1086 \'ee\u1081 \'e8\u1089 \'f1\u1090 \'f2\u1074 \'e2 \u1080 \'e8 \u1079 \'e7\u1074 \'e2\u1091 \'f3\u1082 \'ea\u1086 \'ee\u1074 \'e2\u1099 \'fb\u1093 \'f5 \u1088 \'f0\u1077 \'e5\u1078 \'e6\u1080 \'e8\u1084 \'ec\u1086 \'ee\u1074 \'e2 \u1089 \'f1\u1084 \'ec
{\lang1033 . 
}\uc1\u1088 \'f0\u1091 \'f3\u1082 \'ea\u1086 \'ee\u1074 \'e2\u1086 \'ee\u1076 \'e4\u1089 \'f1\u1090 \'f2\u1074 \'e2\u1086 \'ee \u1087 \'ef\u1086 \'ee\u1083 \'eb\u1100 \'fc\u1079 \'e7\u1086 \'ee\u1074 \'e2\u1072 \'e0\u1090 \'f2\u1077 \'e5\u1083 \'eb\u1103 \'ff
{\lang1033 .}}
{\fs18\lang1033\f2 \par }
\pard\ql\li0\ri0\nowidctlpar\faauto\rin0\lin0\itap0 \plain \fs24\cgrid0\f4\lang1033 {\f4\lang1033 \par }}"/>

	<label page2help = "{\rtf1 \ansi\ansicpg1252\deff4\deflang1033 \stshfdbch0\stshfloch0\stshfhich0\stshfbi0\deflangfe1033 
{\fonttbl 
{\f4 \froman\fprq2 {\*\panose 02020603050405020304}\fcharset0 Times New Roman;}
{\f2 \fswiss\fprq2 {\*\panose 020b0604020202020204}\fcharset0 Arial;}
{\f1 \fmodern\fprq1 {\*\panose 02070309020205020404}\fcharset0 Courier New;}
{\f13 \fswiss\fprq2 \fcharset204 Arial Cyr;}
{\f14 \fcharset204 Times New Roman Cyr;}
{\f15 \fcharset204 Courier New Cyr;}}
{\colortbl ;\red0\green0\blue0;\red0\green0\blue255;\red0\green255\blue255;\red0\green255\blue0;\red255\green0\blue255;\red255\green0\blue0;\red255\green255\blue0;\red255\green255\blue255;\red0\green0\blue128;\red0\green128\blue128;\red0\green128\blue0;\red128\green0\blue128;\red128\green0\blue0;\red128\green128\blue0;\red128\green128\blue128;\red192\green192\blue192;}
{\stylesheet 
{\s0 \snext0 \ql\li0\ri0\widctlpar\aspalpha\aspnum\faauto\adjustright\rin0\lin0\itap0 \fs24\lang1033\cgrid0 Normal;}
{\cs9 \additive\ssemihidden Default Paragraph Font;}
{\ts11 \ssemihidden\snext11 \tsrowd\trftsWidthB3\trpaddl108\trpaddr108\trpaddfl3\trpaddft3\trpaddfb3\trpaddfr3\trcbpat1\trcfpat1\tscellwidthfts0\tsvertalt\tsbrdrt\tsbrdrl\tsbrdrb\tsbrdrr\tsbrdrdgl\tsbrdrdgr\tsbrdrh\tsbrdrv\ql\li0\ri0\widctlpar\aspalpha\aspnum\faauto\adjustright\rin0\lin0\itap0 \fs20\lang1024\cgrid0 Normal Table;}
{\s12 \sbasedon0\snext12 \ql\li0\ri0\widctlpar\tx916\tx1832\tx2748\tx3664\tx4580\tx5496\tx6412\tx7328\tx8244\tx9160\tx10076\tx10992\tx11908\tx12824\tx13740\tx14656\aspalpha\aspnum\faauto\adjustright\rin0\lin0\itap0 \f1\fs20\lang1033\cgrid0 HTML Preformatted;}
{\cs10 \additive\sbasedon9 changedtext;}
{\cs1 \v\f1\fs24\sub\cf12 tw4winMark;}
{\cs2 \cf4\fs40\f1 tw4winError;}
{\cs7 \cf2 tw4winTerm;}
{\cs3 \f1\cf11\lang1024 tw4winPopup;}
{\cs4 \f1\cf10\lang1024 tw4winJump;}
{\cs5 \f1\cf15\lang1024 tw4winExternal;}
{\cs6 \f1\cf6\lang1024 tw4winInternal;}
{\cs8 \f1\cf13\lang1024 DO_NOT_TRANSLATE;}}{\*\latentstyles \lsdstimax156\lsdlockeddef0 }{\*\pgptbl {\pgp \ipgp0\itap0\li0\ri0\sb0\sa0 }}{\*\rsidtbl \rsid10301881\rsid11359176 }{\*\generator Microsoft Word 11.0.6502;}

{\info 
{\author 
Cisco Systems, Inc.}
{\operator 
Cisco Systems, Inc.}
{\creatim \yr2005\mo12\dy16\hr14\min23 }
{\revtim \yr2005\mo12\dy16\hr14\min25 }\version2\edmins2\nofpages1\nofwords66\nofchars381 
{\*\company 
Cisco Systems, Inc.}\nofcharsws446\vern24579 }\widowctrl\ftnbj\aenddoc\noxlattoyen\expshrtn\noultrlspc\dntblnsbdb\nospaceforul\hyphcaps0\horzdoc\dghspace120\dgvspace120\dghorigin1701\dgvorigin1984\dghshow0\dgvshow3\jcompress\viewkind4\viewscale100\nolnhtadjtbl\rsidroot11359176\fet0 
\sectd\linex0\sectdefaultcl\sftnbj 
{\*\pnseclvl1 \pnucrm\pnstart1\pnindent720\pnhang 
{\pntxta 
.}}
{\*\pnseclvl2 \pnucltr\pnstart1\pnindent720\pnhang 
{\pntxta 
.}}
{\*\pnseclvl3 \pndec\pnstart1\pnindent720\pnhang 
{\pntxta 
.}}
{\*\pnseclvl4 \pnlcltr\pnstart1\pnindent720\pnhang 
{\pntxta 
)}}
{\*\pnseclvl5 \pndec\pnstart1\pnindent720\pnhang 
{\pntxtb 
(}
{\pntxta 
)}}
{\*\pnseclvl6 \pnlcltr\pnstart1\pnindent720\pnhang 
{\pntxtb 
(}
{\pntxta 
)}}
{\*\pnseclvl7 \pnlcrm\pnstart1\pnindent720\pnhang 
{\pntxtb 
(}
{\pntxta 
)}}
{\*\pnseclvl8 \pnlcltr\pnstart1\pnindent720\pnhang 
{\pntxtb 
(}
{\pntxta 
)}}
{\*\pnseclvl9 \pnlcrm\pnstart1\pnindent720\pnhang 
{\pntxtb 
(}
{\pntxta 
)}}
\pard\ql\li0\ri0\sa80\nowidctlpar\faauto\rin0\lin0\itap0 \plain \fs24\lang1033\cgrid0\f4 
{\cgrid0\fs20\b\i\lang1049\f13 
\uc1\u1053 \'cd\u1072 \'e0\u1089 \'f1\u1090 \'f2\u1088 \'f0\u1086 \'ee\u1081 \'e8\u1082 \'ea\u1072 \'e0 \u1075 \'e3\u1088 \'f0\u1086 \'ee\u1084 \'ec\u1082 \'ea\u1086 \'ee\u1089 \'f1\u1090 \'f2\u1080 \'e8 \u1074 \'e2\u1086 \'ee\u1089 \'f1\u1087 \'ef\u1088 \'f0\u1086 \'ee\u1080 \'e8\u1079 \'e7\u1074 \'e2\u1077 \'e5\u1076 \'e4\u1077 \'e5\u1085 \'ed\u1080 \'e8\u1103 \'ff}
{\fs20\lang1033\f2 \par }
\pard\s12\ql\li0\ri0\widctlpar\tx916\tx1832\tx2748\tx3664\tx4580\tx5496\tx6412\tx7328\tx8244\tx9160\tx10076\tx10992\tx11908\tx12824\tx13740\tx14656\aspalpha\aspnum\faauto\adjustright\rin0\lin0\itap0 \plain \f1\fs20\lang1033\cgrid0 
{\cgrid0\lang1049\fs18\cs10\f13 
\uc1\u1055 \'cf\u1088 \'f0\u1086 \'ee\u1074 \'e2\u1077 \'e5\u1088 \'f0\u1100 \'fc\u1090 \'f2\u1077 \'e5
{\lang1033 , 
}\uc1\u1095 \'f7\u1090 \'f2\u1086 \'ee \u1091 \'f3\u1082 \'ea\u1072 \'e0\u1079 \'e7\u1072 \'e0\u1085 \'ed\u1085 \'ed\u1086 \'ee\u1077 \'e5 \u1085 \'ed\u1080 \'e8\u1078 \'e6\u1077 \'e5 \u1091 \'f3\u1089 \'f1\u1090 \'f2\u1088 \'f0\u1086 \'ee\u1081 \'e8\u1089 \'f1\u1090 \'f2\u1074 \'e2\u1086 \'ee \u1074 \'e2\u1086 \'ee\u1089 \'f1\u1087 \'ef\u1088 \'f0\u1086 \'ee\u1080 \'e8\u1079 \'e7\u1074 \'e2\u1077 \'e5\u1076 \'e4\u1077 \'e5\u1085 \'ed\u1080 \'e8\u1103 \'ff \u1074 \'e2\u1086 \'ee\u1089 \'f1\u1087 \'ef\u1088 \'f0\u1086 \'ee\u1080 \'e8\u1079 \'e7\u1074 \'e2\u1086 \'ee\u1076 \'e4\u1080 \'e8\u1090 \'f2 \u1079 \'e7\u1074 \'e2\u1091 \'f3\u1082 \'ea
{\lang1033 .}}

{\fs18\lang1033\cs10\f2  }
{\cgrid0\lang1049\fs18\cs10\f13 
\uc1\u1045 \'c5\u1089 \'f1\u1083 \'eb\u1080 \'e8 \u1091 \'f3\u1089 \'f1\u1090 \'f2\u1088 \'f0\u1086 \'ee\u1081 \'e8\u1089 \'f1\u1090 \'f2\u1074 \'e2\u1086 \'ee \u1080 \'e8\u1084 \'ec\u1077 \'e5\u1077 \'e5\u1090 \'f2 \u1074 \'e2\u1085 \'ed\u1077 \'e5\u1096 \'f8\u1085 \'ed\u1102 \'fe\u1102 \'fe \u1088 \'f0\u1077 \'e5\u1075 \'e3\u1091 \'f3\u1083 \'eb\u1080 \'e8\u1088 \'f0\u1086 \'ee\u1074 \'e2\u1082 \'ea\u1091 \'f3 \u1075 \'e3\u1088 \'f0\u1086 \'ee\u1084 \'ec\u1082 \'ea\u1086 \'ee\u1089 \'f1\u1090 \'f2\u1080 \'e8
{\lang1033 , 
}\uc1\u1087 \'ef\u1077 \'e5\u1088 \'f0\u1077 \'e5\u1076 \'e4 \u1085 \'ed\u1072 \'e0\u1089 \'f1\u1090 \'f2\u1088 \'f0\u1086 \'ee\u1081 \'e8\u1082 \'ea\u1086 \'ee\u1081 \'e8 \u1091 \'f3\u1089 \'f1\u1090 \'f2\u1072 \'e0\u1085 \'ed\u1086 \'ee\u1074 \'e2\u1080 \'e8\u1090 \'f2\u1077 \'e5 \u1074 \'e2\u1085 \'ed\u1077 \'e5\u1096 \'f8\u1085 \'ed\u1080 \'e8\u1084 \'ec\u1080 \'e8 \u1088 \'f0\u1077 \'e5\u1075 \'e3\u1091 \'f3\u1083 \'eb\u1103 \'ff\u1090 \'f2\u1086 \'ee\u1088 \'f0\u1072 \'e0\u1084 \'ec\u1080 \'e8 \u1084 \'ec\u1072 \'e0\u1082 \'ea\u1089 \'f1\u1080 \'e8\u1084 \'ec\u1072 \'e0\u1083 \'eb\u1100 \'fc\u1085 \'ed\u1091 \'f3\u1102 \'fe \u1075 \'e3\u1088 \'f0\u1086 \'ee\u1084 \'ec\u1082 \'ea\u1086 \'ee\u1089 \'f1\u1090 \'f2\u1100 \'fc
{\lang1033 .}}

{\fs18\lang1033\cs10\f2  }
{\cgrid0\lang1049\fs18\cs10\f13 
\uc1\u1053 \'cd\u1072 \'e0\u1078 \'e6\u1084 \'ec\u1080 \'e8\u1090 \'f2\u1077 \'e5 \u1082 \'ea\u1085 \'ed\u1086 \'ee\u1087 \'ef\u1082 \'ea\u1091 \'f3 
{\b \uc1\u1042 \'c2\u1086 \'ee\u1089 \'f1\u1087 \'ef\u1088 \'f0\u1086 \'ee\u1080 \'e8\u1079 \'e7\u1074 \'e2\u1077 \'e5\u1076 \'e4\u1077 \'e5\u1085 \'ed\u1080 \'e8\u1077 \'e5 
}\uc1\u1080 \'e8 \u1087 \'ef\u1077 \'e5\u1088 \'f0\u1077 \'e5\u1084 \'ec\u1077 \'e5\u1097 \'f9\u1072 \'e0\u1081 \'e8\u1090 \'f2\u1077 \'e5 \u1076 \'e4\u1074 \'e2\u1080 \'e8\u1078 \'e6\u1082 \'ea\u1080 \'e8 \u1088 \'f0\u1077 \'e5\u1075 \'e3\u1091 \'f3\u1083 \'eb\u1080 \'e8\u1088 \'f0\u1086 \'ee\u1074 \'e2\u1082 \'ea\u1080 \'e8 \u1075 \'e3\u1088 \'f0\u1086 \'ee\u1084 \'ec\u1082 \'ea\u1086 \'ee\u1089 \'f1\u1090 \'f2\u1080 \'e8 \u1076 \'e4\u1086 \'ee \u1087 \'ef\u1086 \'ee\u1083 \'eb\u1091 \'f3\u1095 \'f7\u1077 \'e5\u1085 \'ed\u1080 \'e8\u1103 \'ff \u1076 \'e4\u1086 \'ee\u1089 \'f1\u1090 \'f2\u1072 \'e0\u1090 \'f2\u1086 \'ee\u1095 \'f7\u1085 \'ed\u1086 \'ee\u1075 \'e3\u1086 \'ee \u1091 \'f3\u1088 \'f0\u1086 \'ee\u1074 \'e2\u1085 \'ed\u1103 \'ff \u1075 \'e3\u1088 \'f0\u1086 \'ee\u1084 \'ec\u1082 \'ea\u1086 \'ee\u1089 \'f1\u1090 \'f2\u1080 \'e8 \u1087 \'ef\u1088 \'f0\u1080 \'e8 \u1074 \'e2\u1086 \'ee\u1089 \'f1\u1087 \'ef\u1088 \'f0\u1086 \'ee\u1080 \'e8\u1079 \'e7\u1074 \'e2\u1077 \'e5\u1076 \'e4\u1077 \'e5\u1085 \'ed\u1080 \'e8\u1080 \'e8 \u1086 \'ee\u1073 \'e1\u1088 \'f0\u1072 \'e0\u1079 \'e7\u1094 \'f6\u1086 \'ee\u1074 \'e2 \u1079 \'e7\u1074 \'e2\u1091 \'f3\u1082 \'ea\u1086 \'ee\u1074 \'e2\u1099 \'fb\u1093 \'f5 \u1076 \'e4\u1086 \'ee\u1088 \'f0\u1086 \'ee\u1078 \'e6\u1077 \'e5\u1082 \'ea
{\lang1033 .}}

{\fs18\lang1033\cs10\f2  }
{\cgrid0\lang1049\fs18\cs10\f13 
\uc1\u1055 \'cf\u1088 \'f0\u1080 \'e8 \u1086 \'ee\u1090 \'f2\u1086 \'ee\u1073 \'e1\u1088 \'f0\u1072 \'e0\u1078 \'e6\u1077 \'e5\u1085 \'ed\u1080 \'e8\u1080 \'e8 \u1076 \'e4\u1074 \'e2\u1080 \'e8\u1078 \'e6\u1082 \'ea\u1086 \'ee\u1074 \'e2 {\lang1033 \lquote 
}\uc1\u1043 \'c3\u1088 \'f0\u1091 \'f3\u1073 \'e1\u1086 \'ee{\lang1033 \rquote 
 
}\uc1\u1080 \'e8 {\lang1033 \lquote 
}\uc1\u1057 \'d1\u1080 \'e8\u1075 \'e3\u1085 \'ed\u1072 \'e0\u1083 \'eb{\lang1033 \rquote 
 
}\uc1\u1091 \'f3\u1089 \'f1\u1090 \'f2\u1072 \'e0\u1085 \'ed\u1086 \'ee\u1074 \'e2\u1080 \'e8\u1090 \'f2\u1077 \'e5 \u1076 \'e4\u1074 \'e2\u1080 \'e8\u1078 \'e6\u1086 \'ee\u1082 \'ea {\lang1033 \lquote 
}\uc1\u1057 \'d1\u1080 \'e8\u1075 \'e3\u1085 \'ed\u1072 \'e0\u1083 \'eb{\lang1033 \rquote 
 
}\uc1\u1085 \'ed\u1072 \'e0 \u1091 \'f3\u1088 \'f0\u1086 \'ee\u1074 \'e2\u1085 \'ed\u1077 \'e5
{\lang1033  75% 
}\uc1\u1080 \'e8 \u1088 \'f0\u1077 \'e5\u1075 \'e3\u1091 \'f3\u1083 \'eb\u1080 \'e8\u1088 \'f0\u1091 \'f3\u1081 \'e8\u1090 \'f2\u1077 \'e5 \u1087 \'ef\u1086 \'ee\u1083 \'eb\u1086 \'ee\u1078 \'e6\u1077 \'e5\u1085 \'ed\u1080 \'e8\u1077 \'e5 \u1076 \'e4\u1074 \'e2\u1080 \'e8\u1078 \'e6\u1082 \'ea\u1072 \'e0 {\lang1033 \lquote 
}\uc1\u1043 \'c3\u1088 \'f0\u1091 \'f3\u1073 \'e1\u1086 \'ee{\lang1033 \rquote 
 
}\uc1\u1076 \'e4\u1086 \'ee \u1087 \'ef\u1086 \'ee\u1083 \'eb\u1091 \'f3\u1095 \'f7\u1077 \'e5\u1085 \'ed\u1080 \'e8\u1103 \'ff \u1076 \'e4\u1086 \'ee\u1089 \'f1\u1090 \'f2\u1072 \'e0\u1090 \'f2\u1086 \'ee\u1095 \'f7\u1085 \'ed\u1086 \'ee\u1075 \'e3\u1086 \'ee \u1091 \'f3\u1088 \'f0\u1086 \'ee\u1074 \'e2\u1085 \'ed\u1103 \'ff
{\lang1033 .}}
{\fs18\lang1033\f2 \par }
\pard\ql\li0\ri0\nowidctlpar\faauto\rin0\lin0\itap0 \plain \fs24\cgrid0\f4\lang1033 {\f4\lang1033 \par }}"/>

	<label page3help = "{\rtf1 \ansi\ansicpg1252\deff4\deflang1033 \stshfdbch0\stshfloch0\stshfhich0\stshfbi0\deflangfe1033 
{\fonttbl 
{\f4 \froman\fprq2 {\*\panose 02020603050405020304}\fcharset0 Times New Roman;}
{\f2 \fswiss\fprq2 {\*\panose 020b0604020202020204}\fcharset0 Arial;}
{\f1 \fmodern\fprq1 {\*\panose 02070309020205020404}\fcharset0 Courier New;}
{\f13 \fswiss\fprq2 \fcharset204 Arial Cyr;}
{\f14 \fcharset204 Times New Roman Cyr;}
{\f15 \fcharset204 Courier New Cyr;}}
{\colortbl ;\red0\green0\blue0;\red0\green0\blue255;\red0\green255\blue255;\red0\green255\blue0;\red255\green0\blue255;\red255\green0\blue0;\red255\green255\blue0;\red255\green255\blue255;\red0\green0\blue128;\red0\green128\blue128;\red0\green128\blue0;\red128\green0\blue128;\red128\green0\blue0;\red128\green128\blue0;\red128\green128\blue128;\red192\green192\blue192;}
{\stylesheet 
{\s0 \snext0 \ql\li0\ri0\widctlpar\aspalpha\aspnum\faauto\adjustright\rin0\lin0\itap0 \fs24\lang1033\cgrid0 Normal;}
{\cs9 \additive\ssemihidden Default Paragraph Font;}
{\ts11 \ssemihidden\snext11 \tsrowd\trftsWidthB3\trpaddl108\trpaddr108\trpaddfl3\trpaddft3\trpaddfb3\trpaddfr3\trcbpat1\trcfpat1\tscellwidthfts0\tsvertalt\tsbrdrt\tsbrdrl\tsbrdrb\tsbrdrr\tsbrdrdgl\tsbrdrdgr\tsbrdrh\tsbrdrv\ql\li0\ri0\widctlpar\aspalpha\aspnum\faauto\adjustright\rin0\lin0\itap0 \fs20\lang1024\cgrid0 Normal Table;}
{\s12 \sbasedon0\snext12 \ql\li0\ri0\widctlpar\tx916\tx1832\tx2748\tx3664\tx4580\tx5496\tx6412\tx7328\tx8244\tx9160\tx10076\tx10992\tx11908\tx12824\tx13740\tx14656\aspalpha\aspnum\faauto\adjustright\rin0\lin0\itap0 \f1\fs20\lang1033\cgrid0 HTML Preformatted;}
{\cs10 \additive\sbasedon9 changedtext;}
{\cs1 \v\f1\fs24\sub\cf12 tw4winMark;}
{\cs2 \cf4\fs40\f1 tw4winError;}
{\cs7 \cf2 tw4winTerm;}
{\cs3 \f1\cf11\lang1024 tw4winPopup;}
{\cs4 \f1\cf10\lang1024 tw4winJump;}
{\cs5 \f1\cf15\lang1024 tw4winExternal;}
{\cs6 \f1\cf6\lang1024 tw4winInternal;}
{\cs8 \f1\cf13\lang1024 DO_NOT_TRANSLATE;}}{\*\latentstyles \lsdstimax156\lsdlockeddef0 }{\*\pgptbl {\pgp \ipgp0\itap0\li0\ri0\sb0\sa0 }}{\*\rsidtbl \rsid4813480\rsid9242814 }{\*\generator Microsoft Word 11.0.6502;}

{\info 
{\author 
Cisco Systems, Inc.}
{\operator 
Cisco Systems, Inc.}
{\creatim \yr2005\mo12\dy16\hr14\min25 }
{\revtim \yr2005\mo12\dy16\hr14\min27 }\version2\edmins2\nofpages1\nofwords87\nofchars496 
{\*\company 
Cisco Systems, Inc.}\nofcharsws582\vern24579 }\widowctrl\ftnbj\aenddoc\noxlattoyen\expshrtn\noultrlspc\dntblnsbdb\nospaceforul\hyphcaps0\horzdoc\dghspace120\dgvspace120\dghorigin1701\dgvorigin1984\dghshow0\dgvshow3\jcompress\viewkind4\viewscale100\nolnhtadjtbl\rsidroot4813480\fet0 
\sectd\linex0\sectdefaultcl\sftnbj 
{\*\pnseclvl1 \pnucrm\pnstart1\pnindent720\pnhang 
{\pntxta 
.}}
{\*\pnseclvl2 \pnucltr\pnstart1\pnindent720\pnhang 
{\pntxta 
.}}
{\*\pnseclvl3 \pndec\pnstart1\pnindent720\pnhang 
{\pntxta 
.}}
{\*\pnseclvl4 \pnlcltr\pnstart1\pnindent720\pnhang 
{\pntxta 
)}}
{\*\pnseclvl5 \pndec\pnstart1\pnindent720\pnhang 
{\pntxtb 
(}
{\pntxta 
)}}
{\*\pnseclvl6 \pnlcltr\pnstart1\pnindent720\pnhang 
{\pntxtb 
(}
{\pntxta 
)}}
{\*\pnseclvl7 \pnlcrm\pnstart1\pnindent720\pnhang 
{\pntxtb 
(}
{\pntxta 
)}}
{\*\pnseclvl8 \pnlcltr\pnstart1\pnindent720\pnhang 
{\pntxtb 
(}
{\pntxta 
)}}
{\*\pnseclvl9 \pnlcrm\pnstart1\pnindent720\pnhang 
{\pntxtb 
(}
{\pntxta 
)}}
\pard\ql\li0\ri0\sa80\nowidctlpar\faauto\rin0\lin0\itap0 \plain \fs24\lang1033\cgrid0\f4 
{\cgrid0\fs20\b\i\lang1049\f13 
\uc1\u1053 \'cd\u1072 \'e0\u1089 \'f1\u1090 \'f2\u1088 \'f0\u1086 \'ee\u1081 \'e8\u1082 \'ea\u1072 \'e0 \u1075 \'e3\u1088 \'f0\u1086 \'ee\u1084 \'ec\u1082 \'ea\u1086 \'ee\u1089 \'f1\u1090 \'f2\u1080 \'e8 \u1084 \'ec\u1080 \'e8\u1082 \'ea\u1088 \'f0\u1086 \'ee\u1092 \'f4\u1086 \'ee\u1085 \'ed\u1072 \'e0}
{\fs20\lang1033\f2 \par }
\pard\s12\ql\li0\ri0\widctlpar\tx916\tx1832\tx2748\tx3664\tx4580\tx5496\tx6412\tx7328\tx8244\tx9160\tx10076\tx10992\tx11908\tx12824\tx13740\tx14656\aspalpha\aspnum\faauto\adjustright\rin0\lin0\itap0 \plain \f1\fs20\lang1033\cgrid0 
{\cgrid0\lang1049\fs18\cs10\f13 
\uc1\u1055 \'cf\u1088 \'f0\u1086 \'ee\u1074 \'e2\u1077 \'e5\u1088 \'f0\u1100 \'fc\u1090 \'f2\u1077 \'e5
{\lang1033 , 
}\uc1\u1095 \'f7\u1090 \'f2\u1086 \'ee \u1042 \'c2\u1099 \'fb \u1085 \'ed\u1072 \'e0\u1087 \'ef\u1088 \'f0\u1072 \'e0\u1074 \'e2\u1083 \'eb\u1103 \'ff\u1077 \'e5\u1090 \'f2\u1077 \'e5 \u1089 \'f1\u1074 \'e2\u1086 \'ee\u1081 \'e8 \u1075 \'e3\u1086 \'ee\u1083 \'eb\u1086 \'ee\u1089 \'f1 \u1085 \'ed\u1072 \'e0 \u1091 \'f3\u1089 \'f1\u1090 \'f2\u1088 \'f0\u1086 \'ee\u1081 \'e8\u1089 \'f1\u1090 \'f2\u1074 \'e2\u1086 \'ee \u1079 \'e7\u1072 \'e0\u1087 \'ef\u1080 \'e8\u1089 \'f1\u1080 \'e8
{\lang1033 , 
}\uc1\u1091 \'f3\u1082 \'ea\u1072 \'e0\u1079 \'e7\u1072 \'e0\u1085 \'ed\u1085 \'ed\u1086 \'ee\u1077 \'e5 \u1085 \'ed\u1080 \'e8\u1078 \'e6\u1077 \'e5
{\lang1033 .}}

{\fs18\lang1033\cs10\f2  }
{\cgrid0\lang1049\fs18\cs10\f13 
\uc1\u1053 \'cd\u1072 \'e0\u1078 \'e6\u1084 \'ec\u1080 \'e8\u1090 \'f2\u1077 \'e5 \u1082 \'ea\u1085 \'ed\u1086 \'ee\u1087 \'ef\u1082 \'ea\u1091 \'f3 
{\b \uc1\u1058 \'d2\u1077 \'e5\u1089 \'f1\u1090 \'f2 
}\uc1\u1080 \'e8 \u1087 \'ef\u1088 \'f0\u1086 \'ee\u1095 \'f7\u1090 \'f2\u1080 \'e8\u1090 \'f2\u1077 \'e5 \u1076 \'e4\u1072 \'e0\u1085 \'ed\u1085 \'ed\u1086 \'ee\u1077 \'e5 \u1089 \'f1\u1086 \'ee\u1086 \'ee\u1073 \'e1\u1097 \'f9\u1077 \'e5\u1085 \'ed\u1080 \'e8\u1077 \'e5 \u1089 \'f1 \u1090 \'f2\u1072 \'e0\u1082 \'ea\u1086 \'ee\u1081 \'e8 \u1075 \'e3\u1088 \'f0\u1086 \'ee\u1084 \'ec\u1082 \'ea\u1086 \'ee\u1089 \'f1\u1090 \'f2\u1100 \'fc\u1102 \'fe
{\lang1033 , 
}\uc1\u1089 \'f1 \u1082 \'ea\u1086 \'ee\u1090 \'f2\u1086 \'ee\u1088 \'f0\u1086 \'ee\u1081 \'e8 \u1042 \'c2\u1099 \'fb \u1086 \'ee\u1073 \'e1\u1099 \'fb\u1095 \'f7\u1085 \'ed\u1086 \'ee \u1088 \'f0\u1072 \'e0\u1079 \'e7\u1075 \'e3\u1086 \'ee\u1074 \'e2\u1072 \'e0\u1088 \'f0\u1080 \'e8\u1074 \'e2\u1072 \'e0\u1077 \'e5\u1090 \'f2\u1077 \'e5 \u1087 \'ef\u1086 \'ee \u1090 \'f2\u1077 \'e5\u1083 \'eb\u1077 \'e5\u1092 \'f4\u1086 \'ee\u1085 \'ed\u1091 \'f3
{\lang1033 .}}

{\fs18\lang1033\cs10\f2  }
{\cgrid0\lang1049\fs18\cs10\f13 
\uc1\u1048 \'c8\u1079 \'e7\u1084 \'ec\u1077 \'e5\u1085 \'ed\u1103 \'ff\u1081 \'e8\u1090 \'f2\u1077 \'e5 \u1087 \'ef\u1086 \'ee\u1083 \'eb\u1086 \'ee\u1078 \'e6\u1077 \'e5\u1085 \'ed\u1080 \'e8\u1077 \'e5 \u1076 \'e4\u1074 \'e2\u1080 \'e8\u1078 \'e6\u1082 \'ea\u1086 \'ee\u1074 \'e2 \u1075 \'e3\u1088 \'f0\u1086 \'ee\u1084 \'ec\u1082 \'ea\u1086 \'ee\u1089 \'f1\u1090 \'f2\u1080 \'e8 \u1076 \'e4\u1086 \'ee \u1090 \'f2\u1077 \'e5\u1093 \'f5 \u1087 \'ef\u1086 \'ee\u1088 \'f0
{\lang1033 , 
}\uc1\u1087 \'ef\u1086 \'ee\u1082 \'ea\u1072 \'e0 \u1087 \'ef\u1080 \'e8\u1082 \'ea\u1086 \'ee\u1074 \'e2\u1099 \'fb\u1077 \'e5 \u1079 \'e7\u1085 \'ed\u1072 \'e0\u1095 \'f7\u1077 \'e5\u1085 \'ed\u1080 \'e8\u1103 \'ff \u1075 \'e3\u1088 \'f0\u1086 \'ee\u1084 \'ec\u1082 \'ea\u1086 \'ee\u1089 \'f1\u1090 \'f2\u1080 \'e8 \u1085 \'ed\u1072 \'e0 \u1080 \'e8\u1085 \'ed\u1076 \'e4\u1080 \'e8\u1082 \'ea\u1072 \'e0\u1090 \'f2\u1086 \'ee\u1088 \'f0\u1077 \'e5 \u1085 \'ed\u1077 \'e5 \u1076 \'e4\u1086 \'ee\u1089 \'f1\u1090 \'f2\u1080 \'e8\u1075 \'e3\u1085 \'ed\u1091 \'f3\u1090 \'f2 \u1089 \'f1\u1072 \'e0\u1084 \'ec\u1086 \'ee\u1075 \'e3\u1086 \'ee \u1074 \'e2\u1077 \'e5\u1088 \'f0\u1093 \'f5\u1085 \'ed\u1077 \'e5\u1075 \'e3\u1086 \'ee \u1078 \'e6\u1077 \'e5\u1083 \'eb\u1090 \'f2\u1086 \'ee\u1075 \'e3\u1086 \'ee \u1089 \'f1\u1077 \'e5\u1075 \'e3\u1084 \'ec\u1077 \'e5\u1085 \'ed\u1090 \'f2\u1072 \'e0
{\lang1033 .}}

{\fs18\lang1033\cs10\f2  }
{\cgrid0\lang1049\fs18\cs10\f13 
\uc1\u1055 \'cf\u1088 \'f0\u1080 \'e8 \u1086 \'ee\u1090 \'f2\u1086 \'ee\u1073 \'e1\u1088 \'f0\u1072 \'e0\u1078 \'e6\u1077 \'e5\u1085 \'ed\u1080 \'e8\u1080 \'e8 \u1076 \'e4\u1074 \'e2\u1080 \'e8\u1078 \'e6\u1082 \'ea\u1086 \'ee\u1074 \'e2 {\lang1033 \lquote 
}\uc1\u1043 \'c3\u1088 \'f0\u1091 \'f3\u1073 \'e1\u1086 \'ee{\lang1033 \rquote 
 
}\uc1\u1080 \'e8 {\lang1033 \lquote 
}\uc1\u1058 \'d2\u1086 \'ee\u1095 \'f7\u1085 \'ed\u1086 \'ee{\lang1033 \rquote 
 
}\uc1\u1091 \'f3\u1089 \'f1\u1090 \'f2\u1072 \'e0\u1085 \'ed\u1086 \'ee\u1074 \'e2\u1080 \'e8\u1090 \'f2\u1077 \'e5 \u1076 \'e4\u1074 \'e2\u1080 \'e8\u1078 \'e6\u1086 \'ee\u1082 \'ea {\lang1033 \lquote 
}\uc1\u1043 \'c3\u1088 \'f0\u1091 \'f3\u1073 \'e1\u1086 \'ee{\lang1033 \rquote 
 
}\uc1\u1085 \'ed\u1072 \'e0 \u1091 \'f3\u1088 \'f0\u1086 \'ee\u1074 \'e2\u1085 \'ed\u1077 \'e5
{\lang1033  75% 
}\uc1\u1080 \'e8 \u1088 \'f0\u1077 \'e5\u1075 \'e3\u1091 \'f3\u1083 \'eb\u1080 \'e8\u1088 \'f0\u1091 \'f3\u1081 \'e8\u1090 \'f2\u1077 \'e5 \u1087 \'ef\u1086 \'ee\u1083 \'eb\u1086 \'ee\u1078 \'e6\u1077 \'e5\u1085 \'ed\u1080 \'e8\u1077 \'e5 \u1076 \'e4\u1074 \'e2\u1080 \'e8\u1078 \'e6\u1082 \'ea\u1072 \'e0 {\lang1033 \lquote 
}\uc1\u1058 \'d2\u1086 \'ee\u1095 \'f7\u1085 \'ed\u1086 \'ee{\lang1033 \rquote 
 
}\uc1\u1076 \'e4\u1086 \'ee \u1087 \'ef\u1086 \'ee\u1083 \'eb\u1091 \'f3\u1095 \'f7\u1077 \'e5\u1085 \'ed\u1080 \'e8\u1103 \'ff \u1090 \'f2\u1088 \'f0\u1077 \'e5\u1073 \'e1\u1091 \'f3\u1077 \'e5\u1084 \'ec\u1086 \'ee\u1075 \'e3\u1086 \'ee \u1091 \'f3\u1088 \'f0\u1086 \'ee\u1074 \'e2\u1085 \'ed\u1103 \'ff
{\lang1033 .}}

{\fs18\lang1033\cs10\f2  }
{\cgrid0\lang1049\fs18\cs10\f13 
\uc1\u1045 \'c5\u1089 \'f1\u1083 \'eb\u1080 \'e8 \u1085 \'ed\u1072 \'e0 \u1087 \'ef\u1080 \'e8\u1082 \'ea\u1072 \'e0\u1093 \'f5 \u1075 \'e3\u1088 \'f0\u1086 \'ee\u1084 \'ec\u1082 \'ea\u1086 \'ee\u1089 \'f1\u1090 \'f2\u1080 \'e8 \u1088 \'f0\u1077 \'e5\u1095 \'f7\u1080 \'e8 \u1091 \'f3\u1088 \'f0\u1086 \'ee\u1074 \'e2\u1077 \'e5\u1085 \'ed\u1100 \'fc \u1075 \'e3\u1088 \'f0\u1086 \'ee\u1084 \'ec\u1082 \'ea\u1086 \'ee\u1089 \'f1\u1090 \'f2\u1080 \'e8 \u1085 \'ed\u1072 \'e0 \u1080 \'e8\u1085 \'ed\u1076 \'e4\u1080 \'e8\u1082 \'ea\u1072 \'e0\u1090 \'f2\u1086 \'ee\u1088 \'f0\u1077 \'e5 \u1085 \'ed\u1077 \'e5 \u1087 \'ef\u1086 \'ee\u1076 \'e4\u1085 \'ed\u1080 \'e8\u1084 \'ec\u1072 \'e0\u1077 \'e5\u1090 \'f2\u1089 \'f1\u1103 \'ff \u1074 \'e2\u1099 \'fb\u1096 \'f8\u1077 \'e5 \u1079 \'e7\u1077 \'e5\u1083 \'eb\u1077 \'e5\u1085 \'ed\u1099 \'fb\u1093 \'f5 \u1089 \'f1\u1077 \'e5\u1075 \'e3\u1084 \'ec\u1077 \'e5\u1085 \'ed\u1090 \'f2\u1086 \'ee\u1074 \'e2 \u1087 \'ef\u1088 \'f0\u1080 \'e8 \u1087 \'ef\u1086 \'ee\u1083 \'eb\u1086 \'ee\u1078 \'e6\u1077 \'e5\u1085 \'ed\u1080 \'e8\u1103 \'ff\u1093 \'f5 \u1076 \'e4\u1074 \'e2\u1080 \'e8\u1078 \'e6\u1082 \'ea\u1086 \'ee\u1074 \'e2
{\lang1033 , 
}\uc1\u1089 \'f1\u1086 \'ee\u1086 \'ee\u1090 \'f2\u1074 \'e2\u1077 \'e5\u1090 \'f2\u1089 \'f1\u1090 \'f2\u1074 \'e2\u1091 \'f3\u1102 \'fe\u1097 \'f9\u1080 \'e8\u1093 \'f5 \u1084 \'ec\u1072 \'e0\u1082 \'ea\u1089 \'f1\u1080 \'e8\u1084 \'ec\u1072 \'e0\u1083 \'eb\u1100 \'fc\u1085 \'ed\u1086 \'ee\u1084 \'ec\u1091 \'f3 \u1091 \'f3\u1088 \'f0\u1086 \'ee\u1074 \'e2\u1085 \'ed\u1102 \'fe
{\lang1033 , 
}\uc1\u1074 \'e2\u1082 \'ea\u1083 \'eb\u1102 \'fe\u1095 \'f7\u1080 \'e8\u1090 \'f2\u1077 \'e5 \u1092 \'f4\u1091 \'f3\u1085 \'ed\u1082 \'ea\u1094 \'f6\u1080 \'e8\u1102 \'fe 
{\b \uc1\u1059 \'d3\u1089 \'f1\u1080 \'e8\u1083 \'eb\u1077 \'e5\u1085 \'ed\u1080 \'e8\u1077 \'e5 \u1084 \'ec\u1080 \'e8\u1082 \'ea\u1088 \'f0\u1086 \'ee\u1092 \'f4\u1086 \'ee\u1085 \'ed\u1072 \'e0
}, \uc1\u1077 \'e5\u1089 \'f1\u1083 \'eb\u1080 \'e8 \u1086 \'ee\u1085 \'ed\u1072 \'e0 \u1076 \'e4\u1086 \'ee\u1089 \'f1\u1090 \'f2\u1091 \'f3\u1087 \'ef\u1085 \'ed\u1072 \'e0.}
{\fs18\lang1033\f2 \par }
\pard\ql\li0\ri0\nowidctlpar\faauto\rin0\lin0\itap0 \plain \fs24\cgrid0\f4\lang1033 {\f4\lang1033 \par }}"/>

	<label page99help = "{\rtf1 \ansi\ansicpg1252\deff4\deflang1033 \stshfdbch11\stshfloch0\stshfhich0\stshfbi0\deflangfe1041 
{\fonttbl 
{\f4 \froman\fprq2 {\*\panose 02020603050405020304}\fcharset0 Times New Roman;}
{\f2 \fswiss\fprq2 {\*\panose 020b0604020202020204}\fcharset0 Arial;}
{\f1 \fmodern\fprq1 {\*\panose 02070309020205020404}\fcharset0 Courier New;}
{\f3 \froman\fprq2 {\*\panose 05050102010706020507}\fcharset2 Symbol;}
{\f13 \fswiss\fprq2 \fcharset204 Arial Cyr;}
{\f21 \fcharset204 Times New Roman Cyr;}}
{\colortbl ;\red0\green0\blue0;\red0\green0\blue255;\red0\green255\blue255;\red0\green255\blue0;\red255\green0\blue255;\red255\green0\blue0;\red255\green255\blue0;\red255\green255\blue255;\red0\green0\blue128;\red0\green128\blue128;\red0\green128\blue0;\red128\green0\blue128;\red128\green0\blue0;\red128\green128\blue0;\red128\green128\blue128;\red192\green192\blue192;}
{\stylesheet 
{\s0 \snext0 \ql\li0\ri0\widctlpar\aspalpha\aspnum\faauto\adjustright\rin0\lin0\itap0 \fs24\lang1033\loch\f4\hich\af4\dbch\af20\cgrid0 Normal;}
{\cs9 \additive\ssemihidden Default Paragraph Font;}
{\ts11 \ssemihidden\snext11 \tsrowd\trftsWidthB3\trpaddl108\trpaddr108\trpaddfl3\trpaddft3\trpaddfb3\trpaddfr3\trcbpat1\trcfpat1\tscellwidthfts0\tsvertalt\tsbrdrt\tsbrdrl\tsbrdrb\tsbrdrr\tsbrdrdgl\tsbrdrdgr\tsbrdrh\tsbrdrv\ql\li0\ri0\widctlpar\aspalpha\aspnum\faauto\adjustright\rin0\lin0\itap0 \fs20\lang1024\loch\f4\hich\af4\dbch\af20\cgrid0 Normal Table;}
{\cs1 \v\f1\fs24\sub\cf12 tw4winMark;}
{\cs2 \cf4\fs40\f1 tw4winError;}
{\cs7 \cf2 tw4winTerm;}
{\cs3 \f1\cf11\lang1024 tw4winPopup;}
{\cs4 \f1\cf10\lang1024 tw4winJump;}
{\cs5 \f1\cf15\lang1024 tw4winExternal;}
{\cs6 \f1\cf6\lang1024 tw4winInternal;}
{\cs8 \f1\cf13\lang1024 DO_NOT_TRANSLATE;}}{\*\listtable {\list \listtemplateid-1526924806 {\listlevel \levelnfc23\levelnfcn23\leveljc0\leveljcn0\levelfollow0\levelstartat1\levelspace360\levelindent0 {\leveltext \'01\u-3913 ;}{\levelnumbers ;}\f3 \fbias0 \fi-360\li360\jclisttab\tx360\lin360 }{\listlevel \levelnfc23\levelnfcn23\leveljc0\leveljcn0\levelfollow0\levelstartat1\levelspace360\levelindent0 {\leveltext \'01o;}{\levelnumbers ;}\f1 \fbias0 \fi-360\li1080\jclisttab\tx1080\lin1080 }{\listlevel \levelnfc23\levelnfcn23\leveljc0\leveljcn0\levelfollow0\levelstartat1\levelspace360\levelindent0 {\leveltext \'01\u-3929 ;}{\levelnumbers ;}\f19 \fbias0 \fi-360\li1800\jclisttab\tx1800\lin1800 }{\listlevel \levelnfc23\levelnfcn23\leveljc0\leveljcn0\levelfollow0\levelstartat1\levelspace360\levelindent0 {\leveltext \'01\u-3913 ;}{\levelnumbers ;}\f3 \fbias0 \fi-360\li2520\jclisttab\tx2520\lin2520 }{\listlevel \levelnfc23\levelnfcn23\leveljc0\leveljcn0\levelfollow0\levelstartat1\levelspace360\levelindent0 {\leveltext \'01o;}{\levelnumbers ;}\f1 \fbias0 \fi-360\li3240\jclisttab\tx3240\lin3240 }{\listlevel \levelnfc23\levelnfcn23\leveljc0\leveljcn0\levelfollow0\levelstartat1\levelspace360\levelindent0 {\leveltext \'01\u-3929 ;}{\levelnumbers ;}\f19 \fbias0 \fi-360\li3960\jclisttab\tx3960\lin3960 }{\listlevel \levelnfc23\levelnfcn23\leveljc0\leveljcn0\levelfollow0\levelstartat1\levelspace360\levelindent0 {\leveltext \'01\u-3913 ;}{\levelnumbers ;}\f3 \fbias0 \fi-360\li4680\jclisttab\tx4680\lin4680 }{\listlevel \levelnfc23\levelnfcn23\leveljc0\leveljcn0\levelfollow0\levelstartat1\levelspace360\levelindent0 {\leveltext \'01o;}{\levelnumbers ;}\f1 \fbias0 \fi-360\li5400\jclisttab\tx5400\lin5400 }{\listlevel \levelnfc23\levelnfcn23\leveljc0\leveljcn0\levelfollow0\levelstartat1\levelspace360\levelindent0 {\leveltext \'01\u-3929 ;}{\levelnumbers ;}\f19 \fbias0 \fi-360\li6120\jclisttab\tx6120\lin6120 }{\listname ;}\listid19015464 }{\list \listtemplateid-1526924806\listhybrid {\listlevel \levelnfc23\levelnfcn23\leveljc0\leveljcn0\levelfollow0\levelstartat1\levelspace360\levelindent0 {\leveltext \leveltemplateid67698689 \'01\u-3913 ;}{\levelnumbers ;}\f3 \fbias0 \fi-360\li360\jclisttab\tx360\lin360 }{\listlevel \levelnfc23\levelnfcn23\leveljc0\leveljcn0\levelfollow0\levelstartat1\levelspace360\levelindent0 {\leveltext \leveltemplateid67698691 \'01o;}{\levelnumbers ;}\f1 \fbias0 \fi-360\li1080\jclisttab\tx1080\lin1080 }{\listlevel \levelnfc23\levelnfcn23\leveljc0\leveljcn0\levelfollow0\levelstartat1\levelspace360\levelindent0 {\leveltext \leveltemplateid67698693 \'01\u-3929 ;}{\levelnumbers ;}\f19 \fbias0 \fi-360\li1800\jclisttab\tx1800\lin1800 }{\listlevel \levelnfc23\levelnfcn23\leveljc0\leveljcn0\levelfollow0\levelstartat1\levelspace360\levelindent0 {\leveltext \leveltemplateid67698689 \'01\u-3913 ;}{\levelnumbers ;}\f3 \fbias0 \fi-360\li2520\jclisttab\tx2520\lin2520 }{\listlevel \levelnfc23\levelnfcn23\leveljc0\leveljcn0\levelfollow0\levelstartat1\levelspace360\levelindent0 {\leveltext \leveltemplateid67698691 \'01o;}{\levelnumbers ;}\f1 \fbias0 \fi-360\li3240\jclisttab\tx3240\lin3240 }{\listlevel \levelnfc23\levelnfcn23\leveljc0\leveljcn0\levelfollow0\levelstartat1\levelspace360\levelindent0 {\leveltext \leveltemplateid67698693 \'01\u-3929 ;}{\levelnumbers ;}\f19 \fbias0 \fi-360\li3960\jclisttab\tx3960\lin3960 }{\listlevel \levelnfc23\levelnfcn23\leveljc0\leveljcn0\levelfollow0\levelstartat1\levelspace360\levelindent0 {\leveltext \leveltemplateid67698689 \'01\u-3913 ;}{\levelnumbers ;}\f3 \fbias0 \fi-360\li4680\jclisttab\tx4680\lin4680 }{\listlevel \levelnfc23\levelnfcn23\leveljc0\leveljcn0\levelfollow0\levelstartat1\levelspace360\levelindent0 {\leveltext \leveltemplateid67698691 \'01o;}{\levelnumbers ;}\f1 \fbias0 \fi-360\li5400\jclisttab\tx5400\lin5400 }{\listlevel \levelnfc23\levelnfcn23\leveljc0\leveljcn0\levelfollow0\levelstartat1\levelspace360\levelindent0 {\leveltext \leveltemplateid67698693 \'01\u-3929 ;}{\levelnumbers ;}\f19 \fbias0 \fi-360\li6120\jclisttab\tx6120\lin6120 }{\listname ;}\listid880243047 }{\list \listtemplateid-1008274796\listhybrid {\listlevel \levelnfc23\levelnfcn23\leveljc0\leveljcn0\levelfollow0\levelstartat1\levelspace360\levelindent0 {\leveltext \leveltemplateid67698689 \'01\u-3913 ;}{\levelnumbers ;}\f3 \fbias0 \fi-360\li720\jclisttab\tx720\lin720 }{\listlevel \levelnfc23\levelnfcn23\leveljc0\leveljcn0\levelfollow0\levelstartat1\levelspace360\levelindent0 {\leveltext \leveltemplateid67698691 \'01o;}{\levelnumbers ;}\f1 \fbias0 \fi-360\li1440\jclisttab\tx1440\lin1440 }{\listlevel \levelnfc23\levelnfcn23\leveljc0\leveljcn0\levelfollow0\levelstartat1\levelspace360\levelindent0 {\leveltext \leveltemplateid67698693 \'01\u-3929 ;}{\levelnumbers ;}\f19 \fbias0 \fi-360\li2160\jclisttab\tx2160\lin2160 }{\listlevel \levelnfc23\levelnfcn23\leveljc0\leveljcn0\levelfollow0\levelstartat1\levelspace360\levelindent0 {\leveltext \leveltemplateid67698689 \'01\u-3913 ;}{\levelnumbers ;}\f3 \fbias0 \fi-360\li2880\jclisttab\tx2880\lin2880 }{\listlevel \levelnfc23\levelnfcn23\leveljc0\leveljcn0\levelfollow0\levelstartat1\levelspace360\levelindent0 {\leveltext \leveltemplateid67698691 \'01o;}{\levelnumbers ;}\f1 \fbias0 \fi-360\li3600\jclisttab\tx3600\lin3600 }{\listlevel \levelnfc23\levelnfcn23\leveljc0\leveljcn0\levelfollow0\levelstartat1\levelspace360\levelindent0 {\leveltext \leveltemplateid67698693 \'01\u-3929 ;}{\levelnumbers ;}\f19 \fbias0 \fi-360\li4320\jclisttab\tx4320\lin4320 }{\listlevel \levelnfc23\levelnfcn23\leveljc0\leveljcn0\levelfollow0\levelstartat1\levelspace360\levelindent0 {\leveltext \leveltemplateid67698689 \'01\u-3913 ;}{\levelnumbers ;}\f3 \fbias0 \fi-360\li5040\jclisttab\tx5040\lin5040 }{\listlevel \levelnfc23\levelnfcn23\leveljc0\leveljcn0\levelfollow0\levelstartat1\levelspace360\levelindent0 {\leveltext \leveltemplateid67698691 \'01o;}{\levelnumbers ;}\f1 \fbias0 \fi-360\li5760\jclisttab\tx5760\lin5760 }{\listlevel \levelnfc23\levelnfcn23\leveljc0\leveljcn0\levelfollow0\levelstartat1\levelspace360\levelindent0 {\leveltext \leveltemplateid67698693 \'01\u-3929 ;}{\levelnumbers ;}\f19 \fbias0 \fi-360\li6480\jclisttab\tx6480\lin6480 }{\listname ;}\listid1465586477 }{\list \listtemplateid947286050\listhybrid {\listlevel \levelnfc23\levelnfcn23\leveljc0\leveljcn0\levelfollow0\levelstartat1\levelspace360\levelindent0 {\leveltext \leveltemplateid67698689 \'01\u-3913 ;}{\levelnumbers ;}\f3 \fbias0 \fi-360\li720\jclisttab\tx720\lin720 }{\listlevel \levelnfc23\levelnfcn23\leveljc0\leveljcn0\levelfollow0\levelstartat1\levelspace360\levelindent0 {\leveltext \leveltemplateid67698691 \'01o;}{\levelnumbers ;}\f1 \fbias0 \fi-360\li1440\jclisttab\tx1440\lin1440 }{\listlevel \levelnfc23\levelnfcn23\leveljc0\leveljcn0\levelfollow0\levelstartat1\levelspace360\levelindent0 {\leveltext \leveltemplateid67698693 \'01\u-3929 ;}{\levelnumbers ;}\f19 \fbias0 \fi-360\li2160\jclisttab\tx2160\lin2160 }{\listlevel \levelnfc23\levelnfcn23\leveljc0\leveljcn0\levelfollow0\levelstartat1\levelspace360\levelindent0 {\leveltext \leveltemplateid67698689 \'01\u-3913 ;}{\levelnumbers ;}\f3 \fbias0 \fi-360\li2880\jclisttab\tx2880\lin2880 }{\listlevel \levelnfc23\levelnfcn23\leveljc0\leveljcn0\levelfollow0\levelstartat1\levelspace360\levelindent0 {\leveltext \leveltemplateid67698691 \'01o;}{\levelnumbers ;}\f1 \fbias0 \fi-360\li3600\jclisttab\tx3600\lin3600 }{\listlevel \levelnfc23\levelnfcn23\leveljc0\leveljcn0\levelfollow0\levelstartat1\levelspace360\levelindent0 {\leveltext \leveltemplateid67698693 \'01\u-3929 ;}{\levelnumbers ;}\f19 \fbias0 \fi-360\li4320\jclisttab\tx4320\lin4320 }{\listlevel \levelnfc23\levelnfcn23\leveljc0\leveljcn0\levelfollow0\levelstartat1\levelspace360\levelindent0 {\leveltext \leveltemplateid67698689 \'01\u-3913 ;}{\levelnumbers ;}\f3 \fbias0 \fi-360\li5040\jclisttab\tx5040\lin5040 }{\listlevel \levelnfc23\levelnfcn23\leveljc0\leveljcn0\levelfollow0\levelstartat1\levelspace360\levelindent0 {\leveltext \leveltemplateid67698691 \'01o;}{\levelnumbers ;}\f1 \fbias0 \fi-360\li5760\jclisttab\tx5760\lin5760 }{\listlevel \levelnfc23\levelnfcn23\leveljc0\leveljcn0\levelfollow0\levelstartat1\levelspace360\levelindent0 {\leveltext \leveltemplateid67698693 \'01\u-3929 ;}{\levelnumbers ;}\f19 \fbias0 \fi-360\li6480\jclisttab\tx6480\lin6480 }{\listname ;}\listid1580366386 }{\list \listtemplateid1827015650\listhybrid {\listlevel \levelnfc23\levelnfcn23\leveljc0\leveljcn0\levelfollow0\levelstartat0\levelspace0\levelindent0 {\leveltext \leveltemplateid271755052 \'01-;}{\levelnumbers ;}\loch\af2\hich\af2\dbch\af4 \fbias0 \fi-360\li360\jclisttab\tx360\lin360 }{\listlevel \levelnfc23\levelnfcn23\leveljc0\leveljcn0\levelfollow0\levelstartat1\levelspace0\levelindent0 {\leveltext \leveltemplateid67698691 \'01o;}{\levelnumbers ;}\f1 \fbias0 \fi-360\li1440\jclisttab\tx1440\lin1440 }{\listlevel \levelnfc23\levelnfcn23\leveljc0\leveljcn0\levelfollow0\levelstartat1\levelspace0\levelindent0 {\leveltext \leveltemplateid67698693 \'01\u-3929 ;}{\levelnumbers ;}\f19 \fbias0 \fi-360\li2160\jclisttab\tx2160\lin2160 }{\listlevel \levelnfc23\levelnfcn23\leveljc0\leveljcn0\levelfollow0\levelstartat1\levelspace0\levelindent0 {\leveltext \leveltemplateid67698689 \'01\u-3913 ;}{\levelnumbers ;}\f3 \fbias0 \fi-360\li2880\jclisttab\tx2880\lin2880 }{\listlevel \levelnfc23\levelnfcn23\leveljc0\leveljcn0\levelfollow0\levelstartat1\levelspace0\levelindent0 {\leveltext \leveltemplateid67698691 \'01o;}{\levelnumbers ;}\f1 \fbias0 \fi-360\li3600\jclisttab\tx3600\lin3600 }{\listlevel \levelnfc23\levelnfcn23\leveljc0\leveljcn0\levelfollow0\levelstartat1\levelspace0\levelindent0 {\leveltext \leveltemplateid67698693 \'01\u-3929 ;}{\levelnumbers ;}\f19 \fbias0 \fi-360\li4320\jclisttab\tx4320\lin4320 }{\listlevel \levelnfc23\levelnfcn23\leveljc0\leveljcn0\levelfollow0\levelstartat1\levelspace0\levelindent0 {\leveltext \leveltemplateid67698689 \'01\u-3913 ;}{\levelnumbers ;}\f3 \fbias0 \fi-360\li5040\jclisttab\tx5040\lin5040 }{\listlevel \levelnfc23\levelnfcn23\leveljc0\leveljcn0\levelfollow0\levelstartat1\levelspace0\levelindent0 {\leveltext \leveltemplateid67698691 \'01o;}{\levelnumbers ;}\f1 \fbias0 \fi-360\li5760\jclisttab\tx5760\lin5760 }{\listlevel \levelnfc23\levelnfcn23\leveljc0\leveljcn0\levelfollow0\levelstartat1\levelspace0\levelindent0 {\leveltext \leveltemplateid67698693 \'01\u-3929 ;}{\levelnumbers ;}\f19 \fbias0 \fi-360\li6480\jclisttab\tx6480\lin6480 }{\listname ;}\listid1668508640 }{\list \listtemplateid-1061778270\listhybrid {\listlevel \levelnfc23\levelnfcn23\leveljc0\leveljcn0\levelfollow0\levelstartat1\levelspace360\levelindent0 {\leveltext \leveltemplateid67698689 \'01\u-3913 ;}{\levelnumbers ;}\f3 \fbias0 \fi-360\li720\jclisttab\tx720\lin720 }{\listlevel \levelnfc23\levelnfcn23\leveljc0\leveljcn0\levelfollow0\levelstartat1\levelspace360\levelindent0 {\leveltext \leveltemplateid67698691 \'01o;}{\levelnumbers ;}\f1 \fbias0 \fi-360\li1440\jclisttab\tx1440\lin1440 }{\listlevel \levelnfc23\levelnfcn23\leveljc0\leveljcn0\levelfollow0\levelstartat1\levelspace360\levelindent0 {\leveltext \leveltemplateid67698693 \'01\u-3929 ;}{\levelnumbers ;}\f19 \fbias0 \fi-360\li2160\jclisttab\tx2160\lin2160 }{\listlevel \levelnfc23\levelnfcn23\leveljc0\leveljcn0\levelfollow0\levelstartat1\levelspace360\levelindent0 {\leveltext \leveltemplateid67698689 \'01\u-3913 ;}{\levelnumbers ;}\f3 \fbias0 \fi-360\li2880\jclisttab\tx2880\lin2880 }{\listlevel \levelnfc23\levelnfcn23\leveljc0\leveljcn0\levelfollow0\levelstartat1\levelspace360\levelindent0 {\leveltext \leveltemplateid67698691 \'01o;}{\levelnumbers ;}\f1 \fbias0 \fi-360\li3600\jclisttab\tx3600\lin3600 }{\listlevel \levelnfc23\levelnfcn23\leveljc0\leveljcn0\levelfollow0\levelstartat1\levelspace360\levelindent0 {\leveltext \leveltemplateid67698693 \'01\u-3929 ;}{\levelnumbers ;}\f19 \fbias0 \fi-360\li4320\jclisttab\tx4320\lin4320 }{\listlevel \levelnfc23\levelnfcn23\leveljc0\leveljcn0\levelfollow0\levelstartat1\levelspace360\levelindent0 {\leveltext \leveltemplateid67698689 \'01\u-3913 ;}{\levelnumbers ;}\f3 \fbias0 \fi-360\li5040\jclisttab\tx5040\lin5040 }{\listlevel \levelnfc23\levelnfcn23\leveljc0\leveljcn0\levelfollow0\levelstartat1\levelspace360\levelindent0 {\leveltext \leveltemplateid67698691 \'01o;}{\levelnumbers ;}\f1 \fbias0 \fi-360\li5760\jclisttab\tx5760\lin5760 }{\listlevel \levelnfc23\levelnfcn23\leveljc0\leveljcn0\levelfollow0\levelstartat1\levelspace360\levelindent0 {\leveltext \leveltemplateid67698693 \'01\u-3929 ;}{\levelnumbers ;}\f19 \fbias0 \fi-360\li6480\jclisttab\tx6480\lin6480 }{\listname ;}\listid1871146710 }}{\*\listoverridetable {\listoverride \listid1871146710\listoverridecount0 \ls1 }{\listoverride \listid1668508640\listoverridecount0 \ls2 }{\listoverride \listid1465586477\listoverridecount0 \ls3 }{\listoverride \listid880243047\listoverridecount0 \ls4 }{\listoverride \listid19015464\listoverridecount0 \ls5 }{\listoverride \listid1580366386\listoverridecount0 \ls6 }}{\*\rsidtbl \rsid4010164\rsid12850387 }{\*\generator Microsoft Word 10.0.4219;}

{\info 
{\author 
Ganesan Venkataraman (gvenkata)}
{\operator 
Ganesan Venkataraman (gvenkata)}
{\creatim \yr2003\mo5\dy31\hr17\min4 }
{\revtim \yr2003\mo12\dy20\hr19\min29 }\version10\edmins20\nofpages1\nofwords76\nofchars436 
{\*\company 
Cisco Systems, Inc.}\nofcharsws511\vern16469 }\widowctrl\ftnbj\aenddoc\noxlattoyen\expshrtn\noultrlspc\dntblnsbdb\nospaceforul\hyphcaps0\horzdoc\dghspace120\dgvspace120\dghorigin1701\dgvorigin1984\dghshow0\dgvshow3\jcompress\viewkind4\viewscale100\nolnhtadjtbl\rsidroot12850387\fet0 
\sectd\linex0\sectdefaultcl\sftnbj 
{\*\pnseclvl1 \pnucrm\pnstart1\pnindent720\pnhang 
{\pntxta 
.}}
{\*\pnseclvl2 \pnucltr\pnstart1\pnindent720\pnhang 
{\pntxta 
.}}
{\*\pnseclvl3 \pndec\pnstart1\pnindent720\pnhang 
{\pntxta 
.}}
{\*\pnseclvl4 \pnlcltr\pnstart1\pnindent720\pnhang 
{\pntxta 
)}}
{\*\pnseclvl5 \pndec\pnstart1\pnindent720\pnhang 
{\pntxtb 
(}
{\pntxta 
)}}
{\*\pnseclvl6 \pnlcltr\pnstart1\pnindent720\pnhang 
{\pntxtb 
(}
{\pntxta 
)}}
{\*\pnseclvl7 \pnlcrm\pnstart1\pnindent720\pnhang 
{\pntxtb 
(}
{\pntxta 
)}}
{\*\pnseclvl8 \pnlcltr\pnstart1\pnindent720\pnhang 
{\pntxtb 
(}
{\pntxta 
)}}
{\*\pnseclvl9 \pnlcrm\pnstart1\pnindent720\pnhang 
{\pntxtb 
(}
{\pntxta 
)}}
\pard\ql\li0\ri0\nowidctlpar\faauto\rin0\lin0\itap0 \plain \fs24\lang1033\cgrid0\f4 
{\cgrid0\b\fs20\lang1049\f13 
\uc1\u1042 \'c2\u1099 \'fb\u1087 \'ef\u1086 \'ee\u1083 \'eb\u1085 \'ed\u1077 \'e5\u1085 \'ed\u1080 \'e8\u1077 \'e5 \u1084 \'ec\u1072 \'e0\u1089 \'f1\u1090 \'f2\u1077 \'e5\u1088 \'f0\u1072 \'e0 \u1085 \'ed\u1072 \'e0\u1089 \'f1\u1090 \'f2\u1088 \'f0\u1086 \'ee\u1081 \'e8\u1082 \'ea\u1080 \'e8 \u1079 \'e7\u1074 \'e2\u1091 \'f3\u1082 \'ea\u1072 \'e0 \u1079 \'e7\u1072 \'e0\u1074 \'e2\u1077 \'e5\u1088 \'f0\u1096 \'f8\u1077 \'e5\u1085 \'ed\u1086 \'ee}
{\lang1033\fs18\f2 \par }
\s0 \plain \cgrid0\fs18\lang1033\f2 {\lang1033\f2 \par }
\s0 \plain \fs24\lang1033\cgrid0\f4 
{\cgrid0\fs18\lang1049\f13 
\uc1\u1047 \'c7\u1072 \'e0\u1087 \'ef\u1091 \'f3\u1089 \'f1\u1090 \'f2\u1080 \'e8\u1090 \'f2\u1077 \'e5 \u1076 \'e4\u1072 \'e0\u1085 \'ed\u1085 \'ed\u1099 \'fb\u1081 \'e8 \u1084 \'ec\u1072 \'e0\u1089 \'f1\u1090 \'f2\u1077 \'e5\u1088 \'f0 \u1087 \'ef\u1086 \'ee\u1074 \'e2\u1090 \'f2\u1086 \'ee\u1088 \'f0\u1085 \'ed\u1086 \'ee \u1074 \'e2 \u1089 \'f1\u1083 \'eb\u1077 \'e5\u1076 \'e4\u1091 \'f3\u1102 \'fe\u1097 \'f9\u1080 \'e8\u1093 \'f5 \u1089 \'f1\u1083 \'eb\u1091 \'f3\u1095 \'f7\u1072 \'e0\u1103 \'ff\u1093 \'f5:}
{\fs18\lang1033\f2 \par }

{\listtext \pard \plain \cgrid0\fs18\lang1033\f3 
\'b7\tab }\pard\ql\fi-360\li720\ri0\nowidctlpar\jclisttab\tx720\faauto\ls6\rin0\lin720\itap0 \plain \fs24\lang1033\cgrid0\f4 
{\cgrid0\fs18\lang1049\f13 
\uc1\u1055 \'cf\u1086 \'ee\u1076 \'e4\u1082 \'ea\u1083 \'eb\u1102 \'fe\u1095 \'f7\u1077 \'e5\u1085 \'ed\u1080 \'e8\u1077 \'e5 \u1085 \'ed\u1086 \'ee\u1074 \'e2\u1086 \'ee\u1075 \'e3\u1086 \'ee \u1091 \'f3\u1089 \'f1\u1090 \'f2\u1088 \'f0\u1086 \'ee\u1081 \'e8\u1089 \'f1\u1090 \'f2\u1074 \'e2\u1072 \'e0}
{\fs18\lang1033\f2 \par }
\s0 
{\listtext \pard \plain \cgrid0\fs18\lang1033\f3 
\'b7\tab }\plain \fs24\lang1033\cgrid0\f4 
{\cgrid0\fs18\lang1049\f13 
\uc1\u1053 \'cd\u1077 \'e5\u1076 \'e4\u1086 \'ee\u1089 \'f1\u1090 \'f2\u1072 \'e0\u1090 \'f2\u1086 \'ee\u1095 \'f7\u1085 \'ed\u1086 \'ee\u1077 \'e5 \u1082 \'ea\u1072 \'e0\u1095 \'f7\u1077 \'e5\u1089 \'f1\u1090 \'f2\u1074 \'e2\u1086 \'ee \u1079 \'e7\u1074 \'e2\u1091 \'f3\u1082 \'ea\u1072 \'e0 \u1087 \'ef\u1088 \'f0\u1080 \'e8 \u1080 \'e8\u1089 \'f1\u1087 \'ef\u1086 \'ee\u1083 \'eb\u1100 \'fc\u1079 \'e7\u1086 \'ee\u1074 \'e2\u1072 \'e0\u1085 \'ed\u1080 \'e8\u1080 \'e8 \u1079 \'e7\u1074 \'e2\u1091 \'f3\u1082 \'ea\u1086 \'ee\u1074 \'e2\u1099 \'fb\u1093 \'f5 \u1091 \'f3\u1089 \'f1\u1090 \'f2\u1088 \'f0\u1086 \'ee\u1081 \'e8\u1089 \'f1\u1090 \'f2\u1074 \'e2}
{\fs18\lang1033\f2 \par }
\s0 
{\listtext \pard \plain \cgrid0\fs18\lang1033\f3 
\'b7\tab }\plain \fs24\lang1033\cgrid0\f4 
{\cgrid0\fs18\lang1049\f13 
\uc1\u1055 \'cf\u1072 \'e0\u1088 \'f0\u1072 \'e0\u1084 \'ec\u1077 \'e5\u1090 \'f2\u1088 \'f0\u1099 \'fb \u1085 \'ed\u1072 \'e0\u1089 \'f1\u1090 \'f2\u1088 \'f0\u1086 \'ee\u1081 \'e8\u1082 \'ea\u1080 \'e8 \u1079 \'e7\u1074 \'e2\u1091 \'f3\u1082 \'ea\u1072 \'e0 \u1080 \'e8\u1079 \'e7\u1084 \'ec\u1077 \'e5\u1085 \'ed\u1077 \'e5\u1085 \'ed\u1099 \'fb \u1074 \'e2 \u1076 \'e4\u1088 \'f0\u1091 \'f3\u1075 \'e3\u1086 \'ee\u1081 \'e8 \u1087 \'ef\u1088 \'f0\u1086 \'ee\u1075 \'e3\u1088 \'f0\u1072 \'e0\u1084 \'ec\u1084 \'ec\u1077 \'e5, \u1085 \'ed\u1072 \'e0\u1087 \'ef\u1088 \'f0\u1080 \'e8\u1084 \'ec\u1077 \'e5\u1088 \'f0 \u1074 \'e2 \u1087 \'ef\u1072 \'e0\u1085 \'ed\u1077 \'e5\u1083 \'eb\u1080 \'e8 \u1091 \'f3\u1087 \'ef\u1088 \'f0\u1072 \'e0\u1074 \'e2\u1083 \'eb\u1077 \'e5\u1085 \'ed\u1080 \'e8\u1103 \'ff \u1079 \'e7\u1074 \'e2\u1091 \'f3\u1082 \'ea\u1072 \'e0\u1084 \'ec\u1080 \'e8 \u1080 \'e8 \u1092 \'f4\u1072 \'e0\u1081 \'e8\u1083 \'eb\u1072 \'e0\u1084 \'ec\u1080 \'e8 \u1084 \'ec\u1091 \'f3\u1083 \'eb\u1100 \'fc\u1090 \'f2\u1080 \'e8\u1084 \'ec\u1077 \'e5\u1076 \'e4\u1080 \'e8\u1072 \'e0}
{\fs18\lang1033\f2 \par }
\pard\ql\li0\ri0\nowidctlpar\faauto\rin0\lin0\itap0 \plain \cgrid0\fs18\lang1033\f2 {\lang1033\f2 \par }
\pard\ql\li0\ri0\nowidctlpar\faauto\rin0\lin0\itap0 \plain \fs24\lang1033\cgrid0\f4 
{\cgrid0\fs18\lang1049\f13 
\uc1\u1044 \'c4\u1072 \'e0\u1085 \'ed\u1085 \'ed\u1099 \'fb\u1081 \'e8 \u1084 \'ec\u1072 \'e0\u1089 \'f1\u1090 \'f2\u1077 \'e5\u1088 \'f0 \u1084 \'ec\u1086 \'ee\u1078 \'e6\u1077 \'e5\u1090 \'f2 \u1072 \'e0\u1074 \'e2\u1090 \'f2\u1086 \'ee\u1084 \'ec\u1072 \'e0\u1090 \'f2\u1080 \'e8\u1095 \'f7\u1077 \'e5\u1089 \'f1\u1082 \'ea\u1080 \'e8 \u1079 \'e7\u1072 \'e0\u1087 \'ef\u1091 \'f3\u1089 \'f1\u1082 \'ea\u1072 \'e0\u1090 \'f2\u1100 \'fc\u1089 \'f1\u1103 \'ff \u1087 \'ef\u1088 \'f0\u1080 \'e8 \u1079 \'e7\u1072 \'e0\u1087 \'ef\u1091 \'f3\u1089 \'f1\u1082 \'ea\u1077 \'e5 Cisco IP Communicator \u1074 \'e2 \u1090 \'f2\u1086 \'ee\u1084 \'ec \u1089 \'f1\u1083 \'eb\u1091 \'f3\u1095 \'f7\u1072 \'e0\u1077 \'e5, \u1077 \'e5\u1089 \'f1\u1083 \'eb\u1080 \'e8 \u1082 \'ea\u1072 \'e0\u1082 \'ea\u1080 \'e8\u1077 \'e5-\u1083 \'eb\u1080 \'e8\u1073 \'e1\u1086 \'ee \u1087 \'ef\u1072 \'e0\u1088 \'f0\u1072 \'e0\u1084 \'ec\u1077 \'e5\u1090 \'f2\u1088 \'f0\u1099 \'fb \u1079 \'e7\u1074 \'e2\u1091 \'f3\u1082 \'ea\u1072 \'e0 \u1073 \'e1\u1099 \'fb\u1083 \'eb\u1080 \'e8 \u1080 \'e8\u1079 \'e7\u1084 \'ec\u1077 \'e5\u1085 \'ed\u1077 \'e5\u1085 \'ed\u1099 \'fb \u1073 \'e1\u1077 \'e5\u1079 \'e7 \u1080 \'e8\u1089 \'f1\u1087 \'ef\u1086 \'ee\u1083 \'eb\u1100 \'fc\u1079 \'e7\u1086 \'ee\u1074 \'e2\u1072 \'e0\u1085 \'ed\u1080 \'e8\u1103 \'ff \u1101 \'fd\u1090 \'f2\u1086 \'ee\u1075 \'e3\u1086 \'ee \u1084 \'ec\u1072 \'e0\u1089 \'f1\u1090 \'f2\u1077 \'e5\u1088 \'f0\u1072 \'e0.}

{\fs18\lang1033\f2  }
{\cgrid0\fs18\lang1049\f13 
\uc1\u1045 \'c5\u1089 \'f1\u1083 \'eb\u1080 \'e8 \u1080 \'e8\u1079 \'e7\u1084 \'ec\u1077 \'e5\u1085 \'ed\u1077 \'e5\u1085 \'ed\u1080 \'e8\u1077 \'e5 \u1087 \'ef\u1072 \'e0\u1088 \'f0\u1072 \'e0\u1084 \'ec\u1077 \'e5\u1090 \'f2\u1088 \'f0\u1086 \'ee\u1074 \'e2 \u1085 \'ed\u1072 \'e0\u1089 \'f1\u1090 \'f2\u1088 \'f0\u1086 \'ee\u1081 \'e8\u1082 \'ea\u1080 \'e8 \u1079 \'e7\u1074 \'e2\u1091 \'f3\u1082 \'ea\u1072 \'e0 \u1085 \'ed\u1077 \'e5 \u1090 \'f2\u1088 \'f0\u1077 \'e5\u1073 \'e1\u1091 \'f3\u1077 \'e5\u1090 \'f2\u1089 \'f1\u1103 \'ff, \u1074 \'e2\u1099 \'fb\u1073 \'e1\u1077 \'e5\u1088 \'f0\u1080 \'e8\u1090 \'f2\u1077 \'e5 
{\b \uc1\u1042 \'c2\u1077 \'e5\u1088 \'f0\u1085 \'ed\u1091 \'f3\u1090 \'f2\u1100 \'fc
}.}
{\fs18\lang1033\f2 \par }
\s0 \plain \cgrid0\fs18\lang1033\f2 {\lang1033\f2 \par }
\s0 \plain \fs24\lang1033\cgrid0\f4 
{\cgrid0\fs18\lang1049\f13 
\uc1\u1044 \'c4\u1083 \'eb\u1103 \'ff \u1079 \'e7\u1072 \'e0\u1082 \'ea\u1088 \'f0\u1099 \'fb\u1090 \'f2\u1080 \'e8\u1103 \'ff \u1084 \'ec\u1072 \'e0\u1089 \'f1\u1090 \'f2\u1077 \'e5\u1088 \'f0\u1072 \'e0 \u1085 \'ed\u1072 \'e0\u1078 \'e6\u1084 \'ec\u1080 \'e8\u1090 \'f2\u1077 \'e5 \lquote 
\uc1\u1043 \'c3\u1086 \'ee\u1090 \'f2\u1086 \'ee\u1074 \'e2\u1086 \'ee\rquote 
.}
{\fs18\lang1033\f2 \par }}"/>

</TuningWizardStrings>