﻿<?xml version="1.0"?>

<CommunicatorStrings>

	<label ok			="ОК"/>
	<label cancel		="Отмена"/>
	<label apply		="Применить"/>
	<label verify		="Проверить"/>
	<label yes			="Да"/>
	<label no			="Нет"/>
	<label yesToAll		="Да для всех"/>
	<label noToAll		="Нет для всех"/>
	<label abort		="Прервать"/>
	<label retry		="Повтор"/>
	<label error		="Ошибка"/>
	<label edit			="Правка"/>
	<label exit			="Выход"/>
	<label close		="Закрыть"/>
	<label view			="Вид"/>
	<label update		="Обновить"/>
	<label help			="Справка"/>
	<label about		="О программе"/>
	<label proceed		="Продолжить"/>
	<label next			="Далее"/>
	<label back			="Назад"/>
	<label finish		="Готово"/>
	<label accept		="Принять"/>
	<label acceptAll	="Принять все"/>
	<label reject		="Отклонить"/>
	<label rejectAll	="Отклонить все"/>
	<label status		="Состояние"/>
	<label cannotProceed="Обработка невозможна."/>
	<label details		="Подробные сведения"/>
	<label viewDetails	="Просмотр сведений"/>
	<label consultAdmin	="Обратитесь к системному администратору"/>
	<label ensureNetwork="Проверьте наличие соединения с сетью"/>

	<label title		="Cisco IP Communicator"/>
	<label autoUpdate	="Автоматическое обновление"/>
	<label file			="Файл"/>
	<label module		="Модуль"/>
	<label archive		="Архив"/>
	<label downloading	="Выполняется загрузка..."/>
	<label installing	="Выполняется установка..."/>
	<label extracting	="Выполняется извлечение..."/>
	<label progress		="Ход выполнения"/>
	<label updateType	="Тип обновления"/>
	<label recommended	="Рекомендуемые"/>
	<label required		="Обязательные"/>

	<label bitsLong			="битов"/>
	<label bitsShort		="б"/>
	<label bytesLong		="байт"/>
	<label bytesShort		="байт"/>
	<label kiloLong			="кило"/>
	<label kiloShort		="к"/>
	<label kilobytesShort	="кбайт"/>
	<label kilobytesLong	="килобайт"/>
	<label megaLong			="мега"/>
	<label megaShort		="М"/>
	<label megabytesShort	="Мбайт"/>
	<label megabytesLong	="мегабайт"/>
	<label gigaLong			="гига"/>
	<label gigaShort		="Г"/>
	<label gigabytesShort	="Гбайт"/>
	<label gigabytesLong	="гигабайт"/>
	<label teraLong			="тера"/>
	<label teraShort		="Т"/>
	<label terabytesShort	="Тбайт"/>
	<label terabytesLong	="терабайт"/>

	<label downloadSpeed	="Скорость загрузки"/>
	<label timeRemaining	="Осталось времени"/>

	<label secondShort		="с"/>
	<label secondLong		="сек"/>
	<label secondsLong		="сек"/>
	<label minuteShort		="мин"/>
	<label minuteLong		="мин"/>
	<label minutesLong		="мин"/>
	<label hourShort		="ч"/>
	<label hoursLong		="час"/>
	<label hoursLong		="час"/>

	<label unknown					="Состояние неизвестно"/>
	<label overallProgress			="Ход выполнения в целом..."/>
	<label gettingManifest			="Выполняется загрузка описания установки..."/>
	<label inspectingInstallation	="Выполняется проверка текущей установки..."/>
	<label preparingToInstallFiles	="Выполняется подготовка к установке файлов..."/>
	<label doingUpdates				="Выполняется загрузка и установка обновлений..."/>
	<label confirmCancel			="Отменить выполнение операции?"/>

	<label AU_usageString			="ФОРМАТ&#13;=======&#13;AutoUpdate имя_параметра1=&lt;значение_параметра1&gt; имя_параметра2=&lt;значение_параметра2&gt; ...&#13;&#13;ПАРАМЕТРЫ:&#13;обязательные параметры - httpServer/tftpServer, installFolder, manifestFile&#13;необязательные параметры - mode, waitWindow и postUpdateScript&#13;Порядок параметров и регистр не имеют значения&#13;&#13;Пример.&#13;AutoUpdate httpServer=http://www.webserver.com/Communicator installFolder=&quot;D:\Program Files\ACME Systems\ACME Studio&quot; mode=install waitWindow=&quot;ACME Studio&quot; postUpdateScript=Notepad.exe"/>
	<label AU_errorTitle			="Ошибка автоматического обновления"/>
	<label AU_errorHeading			="Произошла ошибка"/>
	<label AU_stackTrace			="Трассировка стека"/>
	<label AU_viewStackTrace		="Просмотр трассировки стека"/>
	<label AU_autoupdateComponentNotDefined	="Ошибка в файле описания автоматического обновления - не определен компонент автоматического обновления"/>
	<label AU_closeWindowTitle		="Закройте все окна со следующим заголовком"/>
	<label AU_endProcesses			="Перед продолжением завершите следующие процессы"/>

	<label AU_repairs					="Исправления"/>
	<label AU_repairsList				="В следующих модулях отсутствуют или изменены некоторые файлы"/>
	<label AU_requiredUpdates			="Обязательные обновления"/>
	<label AU_requiredUpdatesList		="Для следующих модулей существуют обязательные обновления"/>
	<label AU_recommendedUpdates		="Рекомендуемые обновления"/>
	<label AU_recommendedUpdatesList	="Для следующих модулей существуют рекомендуемые обновления"/>
	<label AU_chooseIndividualUpdates	="Примите или отклоните обновления для каждого модуля"/>
	<label AU_selectUpdate				="Применить рекомендуемые обновления к следующему модулю?"/>
	<label AU_installAny				="Установить какие-либо из них?"/>
	<label AU_module					="Модуль"/>
	<label AU_downloadSize				="Объем загрузки"/>
	<label AU_wantToDoUpdates			="Доступно несколько обновлений&#13;&#13;Загрузить и установить их сейчас?" />

	<label AU_olderVersionInstalled		="Установлен файл более ранней версии"/>
	<label AU_newerVersionInstalled		="Установлен файл более поздней версии"/>
	<label AU_equalVersionInstalled		="Установлен файл той же версии"/>
	<label AU_checksumMismatch			="Контрольная сумма для файла не соответствует ожидаемому значению"/>
	<label AU_olderFileInstalled		="Установлен файл с более ранней датой последнего изменения"/>
	<label AU_newerFileInstalled		="Установлен файл с более поздней датой последнего изменения"/>
	<label AU_modifiedDatesMatch		="Даты последнего изменения совпадают"/>
	<label AU_unableToCompareFiles		="Невозможно сравнить файлы"/>

	<label AU_Error_tftpHttpNotDefined			="Необходимо указать значение параметра tftpServer или httpServer"/>
	<label AU_Error_installFolderNotDefined		="Не указана папка для установки"/>
	<label AU_Error_manifestFileNotDefined		="Не указан файл описания"/>
	<label AU_Error_downloadManifestFailed		="Сбой загрузки файла описания"/>
	<label AU_Error_invalidUpdateMode			="Недопустимый режим обновления. Разрешены режимы 'install' (установить) и 'query' (по запросу)"/>
	<label AU_Error_errorInManifest				="Файл описания поврежден"/>
	<label AU_Error_cannotProceed				="Продолжение автоматического обновления невозможно"/>
	<label AU_Error_invalidVersionString		="Недопустимая строка версии"/>
	<label AU_Error_fileNotFound				="Файл не найден"/>
	<label AU_Error_unsupportedProtocol			="Неподдерживаемый или недопустимый протокол передачи"/>
	<label AU_Error_downloadedFileInvalid		="Загруженный файл не соответствует описанию"/>
	<label AU_Error_requiredUpdateFailed		="Сбой установки обязательных обновлений для следующего модуля"/>
	<label AU_Error_recommendedUpdateFailed		="Сбой установки рекомендуемых обновлений для следующего модуля"/>
	<label AU_Error_repairFailed				="Сбой обновления следующего модуля"/>
	<label AU_Error_preinstallFileInstall		="Сбой установки предустановочных файлов"/>
	<label AU_Error_postinstallFileInstall		="Сбой установки постустановочных файлов"/>
	<label AU_Error_moduleFileInstall			="Сбой установки файлов модуля"/>
	<label AU_Error_preinstallFileDownload		="Сбой загрузки предустановочных файлов"/>
	<label AU_Error_postinstallFileDownload		="Сбой загрузки постустановочных файлов"/>
	<label AU_Error_moduleFileDownload			="Сбой загрузки файлов модуля"/>
	<label AU_Error_preinstallFileInstall		="Сбой установки предустановочных файлов"/>
	<label AU_Error_postinstallFileInstall		="Сбой установки постустановочных файлов"/>
	<label AU_Error_moduleFileInstall			="Сбой установки файлов модуля"/>
	<label AU_Error_moduleSettingInstall		="Сбой установки параметров модуля"/>
	<label AU_Error_preinstallScript			="При выполнении предустановочного сценария возвращена ошибка"/>
	<label AU_Error_postinstallScript			="При выполнении постустановочного сценария возвращена ошибка"/>
	<label AU_Error_downloadFileError			="Сбой загрузки файла"/>
	<label AU_Error_installFileError			="Сбой установки файла"/>
	<label AU_Error_unableToChangeModifiedDate	="Невозможно изменить дату последнего изменения"/>
	<label AU_Error_archiveFileMismatch			="Файл в архиве не соответствует описанию"/>
	<label AU_Error_archiveInstall				="Невозможно установить архив"/>
	<label AU_Error_recommendedUpdateFailureList="Сбой установки следующих рекомендуемых обновлений"/>
	<label AU_Error_autoUpdateCancelled			="Автоматическое обновление отменено!"/>

	<label AU_Error_HTTPTimeout					="Время ожидания HTTP истекло"/>
	<label AU_Error_HTTPError					="Ошибка HTTP"/>
	<label AU_Error_HTTPConnectionClosed		="Сеанс связи HTTP завершен"/>

	<label AU_Error_xmlTagNotFound		="Форматный маркер XML не найден"/>
	<label AU_Error_xmlDataNotFound		="Данные XML не найдены"/>
	
	<label AU_Error_failedToInitialize			="Сбой инициализации автоматического обновления"/>
	<label AU_Error_ensureNoOtherApps			="Завершите работу всех других приложений и повторите попытку"/>

</CommunicatorStrings>
