﻿<?xml version="1.0"?>

<ErrorReportStrings>
	
	<label ok			="ОК"/>
	<label exit			="Выход"/>
	<label cancel			="Отмена"/>
	<label errorHeading		="Ошибка"/>
	<label stackTrace		="Трассировка стека"/>
	<label viewStackTrace		="Просмотр трассировки стека"/>

	<label name			="Имя"/>
	<label extension		="Расширение Cisco IP Communicator"/>
	<label problemTime		="Время возникновения неполадки"/>
	<label problemDetails		="Сведения о неполадке"/>
	<label specifyAllFields		="Заполните все поля"/>

	<label ERT_usageString			="ФОРМАТ&#13;=======&#13;AutoUpdate имя_параметра1=&lt;значение_параметра1&gt; имя_параметра2=&lt;значение_параметра2&gt; ...&#13;&#13;ПАРАМЕТРЫ:&#13;обязательные параметры - httpServer/tftpServer, installFolder, manifestFile&#13;необязательные параметры - mode, waitWindow и postUpdateScript&#13;Порядок параметров и регистр не имеют значения&#13;&#13;Пример.&#13;AutoUpdate httpServer=http://www.webserver.com/Communicator installFolder=&quot;D:\Program Files\ACME Systems\ACME Studio&quot; mode=install waitWindow=&quot;ACME Studio&quot; postUpdateScript=Notepad.exe"/>
	<label ERT_errorTitle			="Средство создания отчетов об ошибках – ошибка"/>
	<label ERT_endMessage			="С помощью средства создания отчетов об ошибках выполнен сбор необходимой информации&#13;Ниже указан путь к файлу&#13;Когда эта информация будет не нужна, следует удалить указанный файл"/>
	<label ERT_gatheringSystemInfo		="Выполняется сбор информации о системе..."/>
	<label ERT_gatheringAppConfig		="Выполняется сбор информации о приложении..."/>
	<label ERT_gatheringAppLogs		="Выполняется сбор протоколов приложения..."/>
	<label ERT_gatheringInstallLogs		="Выполняется сбор протоколов установки..."/>
	<label ERT_gatheringAutoUpdateLogs	="Выполняется сбор протоколов автоматического обновления..."/>
	<label ERT_gatheringCrashDumpLogs	="Выполняется сбор протоколов копирования памяти при сбое..."/>
	<label ERT_logsGathered			="Сбор информации завершен"/>
	<label ERT_enterProblemDescription	="Введите ниже описание ошибки"/>
	<label ERT_windowTitle			="Отчет об ошибке Cisco IP Communicator"/>
	<label ERT_unableToZip			="Невозможно упаковать необходимые файлы"/>
	<label ERT_unableToChangeDirectory	="Невозможно задать в качестве каталога следующую папку"/>
	<label ERT_unableToCopyFiles		="Невозможно скопировать следующие файлы"/>
	<label ERT_SoftPhoneSENotFound		="Установка Cisco IP Communicator не обнаружена&#13;Проверьте правильность установки"/>
	<label ERT_RemoveConfig			="Удалить существующую конфигурацию?"/>
	<label ERT_RemoveLogs			="Удалить существующие протоколы?"/>
	<label ERT_RemoveAction			="Выполняется удаление..."/>
	<label ERT_DeleteAction			="Выполняется окончательное удаление..."/>

</ErrorReportStrings>
